Year,DonorName,None,Principal,Significant,None.share,Principal.share,Significant.share,min.maj.share
2014,Adaptation Fund,36.8777905,0,0,1,0,0,0
2014,African Development Bank,125.3879456,0,0,1,0,0,0
2014,African Development Fund,1833.92980639,0,0,1,0,0,0
2014,Arab Bank for Economic Development in Africa,114.4812293336,0.456147,0,0.996031343201396,0.00396865679860358,0,0.00396865679860358
2014,Arab Fund (AFESD),807.06775552,0.2162876,0,0.999732079926708,0.000267920073291786,0,0.000267920073291786
2014,Asian Development Bank,2528.17820907922,0,24.040073258,0.990580714265558,0,0.00941928573444159,0.00941928573444159
2014,Australia,2939.14887457229,11.67771286979,157.435189304,0.94559245188453,0.00375699143397599,0.0506505566814945,0.0544075481154705
2014,Austria,559.9522233131,1.285916006,0.15879996,0.997426569571514,0.00229056468966729,0.000282865738819164,0.00257343042848646
2014,Azerbaijan,9.221574029,0,0,1,0,0,0
2014,Belgium,1191.25145025234,9.2952303,12.7720126,0.981812492443624,0.00766099653162842,0.0105265110247472,0.0181875075563756
2014,Canada,2572.333919259,6.00898863,310.114571623,0.890556270086964,0.00208034519206951,0.107363384720966,0.109443729913036
2014,Climate Investment Funds,318.1398707692,0,1.363799,0.995731507556752,0,0.00426849244324852,0.00426849244324852
2014,Council of Europe Development Bank,70.4129628,0,0,1,0,0,0
2014,Croatia,27.469181,0,0,1,0,0,0
2014,Cyprus,0.17096406,0,0,1,0,0,0
2014,Czech Republic,56.6685441,0.68134577,0.38223998,0.981577229997171,0.0118018471130422,0.00662092288978665,0.0184227700028289
2014,Denmark,1927.754455292,9.32328,7.73722938,0.991227695338678,0.00479391621792277,0.00397838844339873,0.0087723046613215
2014,EU Institutions,15834.1028390627,29.091463513,246.969391977,0.982864180605232,0.00180578323501683,0.015330036159751,0.0171358193947678
2014,Estonia,13.36856185,0.0335833,0.159521,0.985761019489482,0.00247634026885406,0.0117626402416638,0.0142389805105179
2014,Finland,708.5183582794,10.245241361,62.829057321,0.906505904282557,0.0131081596913032,0.0803859360261401,0.0934940957174434
2014,France,7190.2695514555,2.139552599,6.33049758,0.998823398171386,0.000297212111758315,0.0008793897168558,0.00117660182861412
2014,Germany,12002.1611089605,12.317705404,48.361319729,0.994969756337771,0.00102112813127533,0.00400911553095321,0.00503024366222855
2014,Global Alliance for Vaccines and Immunization,1286.2551458412,0,4.39584,0.996594090851653,0,0.0034059091483473,0.0034059091483473
2014,Global Environment Facility,767.61366906,0,0,1,0,0,0
2014,Global Fund,2426.27274349,17.333,190.320273,0.921162070726375,0.00658067079009993,0.0722572584835253,0.0788379292736252
2014,Global Green Growth Institute,14.1631692,0,0,1,0,0,0
2014,Greece,38.996551023,0,0.171319757,0.995626013015559,0,0.00437398698444133,0.00437398698444133
2014,Hungary,27.1978172364,0.0115195,0,0.999576634296102,0.000423365703897864,0,0.000423365703897864
2014,IFAD,0,0,0,,,,
2014,IMF (Concessional Trust Funds),759.103624,0,0,1,0,0,0
2014,Iceland,36.305648881,0,0.243074,0.993349316177437,0,0.00665068382256287,0.00665068382256287
2014,Inter-American Development Bank,1736.538166709,0.714375,12.538803,0.992425852350868,0.000408262963558552,0.00716588468557391,0.00757414764913246
2014,International Development Association,12541.3274654081,4.774705,6.410357,0.99910893839177,0.00038037842938412,0.000510683178845919,0.000891061608230039
2014,International Labour Organisation,202.9416488939,0.0476583,0.3226242,0.998178746827787,0.000234409754869064,0.00158684341734447,0.00182125317221353
2014,Ireland,472.0488434651,1.4826529,3.661916423,0.989219110773257,0.00310702717235198,0.00767386205439112,0.0107808892267431
2014,Islamic Development Bank,224.335529,0,0,1,0,0,0
2014,Italy,1020.6784334016,4.771469363,244.755842318,0.80355362692461,0.00375645392998102,0.192689919145409,0.19644637307539
2014,Japan,12085.670634372,3.3063388,29.5474202,0.997288963743971,0.00027283344841954,0.00243820280760918,0.00271103625602872
2014,Kazakhstan,24.707661851,0,0,1,0,0,0
2014,Korea,1462.953038275,3.71539604,2.2605962375,0.995931735194006,0.00252932303925027,0.00153894176674399,0.00406826480599426
2014,Kuwait,501.637073650912,0.0517162,0,0.999896915775185,0.000103084224814688,0,0.000103084224814688
2014,Lithuania,5.7826479883,0.00238656,0.01776924,0.996526541179862,0.000411277045901835,0.00306218177423602,0.00347345882013786
2014,Luxembourg,262.3680367393,2.9627138,0.39347238,0.987369664146052,0.0111495811990756,0.00148075465487201,0.0126303358539476
2014,Netherlands,3633.83151760707,3.9363486,0.079553435,0.998896077385402,0.00108205434311132,2.1868271486721e-05,0.00110392261459804
2014,New Zealand,362.209001604,3.392851,5.3814633,0.976348493520203,0.00914556222490063,0.0145059442548963,0.0236515064797969
2014,Nordic Development Fund,45.2503554,0,0,1,0,0,0
2014,Norway,2931.15514689,12.61187263,32.087798583,0.984979216411675,0.00423806717763188,0.0107827164106933,0.0150207835883252
2014,OPEC Fund for International Development,414.54623349,0.364918,4.98231371,0.987265265708641,0.00086907282499904,0.01186566146636,0.012734734291359
2014,OSCE,119.062745,0,0,1,0,0,0
2014,Poland,88.5538962071,0.49313312,0.0251574,0.994181230538463,0.00553633112781732,0.000282438333720013,0.00581876946153733
2014,Portugal,258.9387753785,0,1.30197,0.994997055522161,0,0.00500294447783872,0.00500294447783872
2014,Romania,63.7992439301,0,0.0543352,0.999149065710329,0,0.000850934289670646,0.000850934289670646
2014,Slovak Republic,13.88322436,0.0170206,0.1089405,0.991008677816447,0.0012149600023926,0.00777636218115996,0.00899132218355256
2014,Slovenia,17.756955548,0,0,1,0,0,0
2014,Spain,592.039464916331,1.222384347,4.7459831293,0.990019583100742,0.00204409420878191,0.00793632269047599,0.0099804168992579
2014,Sweden,3666.57040551554,2.2548169,45.647846016,0.987103779719629,0.00060703546868146,0.0122891848116899,0.0128962202803713
2014,Switzerland,2499.72037649933,3.212678092,30.992547099,0.986501093335897,0.00126786599016833,0.0122310406739351,0.0134989066641035
2014,Timor-Leste,3.0105725,0,0,1,0,0,0
2014,UN Peacebuilding Fund,59.3091268183,0,0,1,0,0,0
2014,UNAIDS,217.73925828,0,0,1,0,0,0
2014,UNDP,415.548695536024,0.116677889475,6.6981400210688,0.983865041146823,0.000276249926332144,0.0158587089268452,0.0161349588531774
2014,UNECE,12.76057809,0,0.0188663,0.998523699511165,0,0.00147630048883526,0.00147630048883526
2014,UNFPA,308.514806574508,0,1.67147255,0.994611391081779,0,0.00538860891822063,0.00538860891822063
2014,UNHCR,437.9762345,0,0,1,0,0,0
2014,UNICEF,1222.25064051044,0.808725636,1.604507195,0.998029473324451,0.000660365389723981,0.00131016128582464,0.00197052667554862
2014,UNRWA,620.45171,0,0,1,0,0,0
2014,United Arab Emirates,4616.331147004,0.8411811,1.75323581,0.999438307269927,0.000182116184458967,0.000379576545614287,0.000561692730073254
2014,United Kingdom,9073.39939703835,6.893073561,236.894701701,0.973834616526029,0.000739823450310502,0.0254255600236603,0.0261653834739708
2014,United States,29194.3581303538,23.82148469,208.745029513,0.99209681211978,0.000809513225650861,0.00709367465456885,0.00790318788021971
2014,WFP,281.7280624032,0,0,1,0,0,0
2014,World Health Organisation,421.882005367145,8.140030433,0,0.981070666720942,0.0189293332790581,0,0.0189293332790581
2015,Adaptation Fund,43.869507,0,0.16804,0.996184165298762,0,0.00381583470123801,0.00381583470123801
2015,African Development Bank,125.303031859,0,0,1,0,0,0
2015,African Development Fund,2185.96557698,0,0,1,0,0,0
2015,Arab Bank for Economic Development in Africa,126.859358304,0.303809,0,0.997610872657224,0.00238912734277611,0,0.00238912734277611
2015,Arab Fund (AFESD),625.94816586,0.2779862,0,0.999556092956058,0.000443907043941796,0,0.000443907043941796
2015,Asian Development Bank,2733.808385727,0,0,1,0,0,0
2015,Australia,2787.97625966184,29.175086698,126.22874812,0.947202253929266,0.00991210301133598,0.0428856430593982,0.0527977460707341
2015,Austria,812.4810730278,1.72846121,0.323778739,0.997480471435232,0.00212202641986876,0.000397502144899041,0.0025195285647678
2015,Azerbaijan,7.210009496,0,0,1,0,0,0
2015,Belgium,1214.755737189,14.53577687,15.1423294,0.976151318588775,0.0116806344880469,0.0121680469231781,0.0238486814112251
2015,Bulgaria,1.417777,0,0,1,0,0,0
2015,Canada,2774.09054242322,3.17555075,277.3545633302,0.90816204510274,0.0010395892345058,0.0907983656627543,0.0918379548972601
2015,Caribbean Development Bank,57.8724953,0,0,1,0,0,0
2015,Chinese Taipei,227.897487,0,0,1,0,0,0
2015,Climate Investment Funds,417.9604425547,0,0,1,0,0,0
2015,Council of Europe Development Bank,54.8282968,0,0,1,0,0,0
2015,Croatia,16.405712,0,0,1,0,0,0
2015,Cyprus,0.57490755,0,0,1,0,0,0
2015,Czech Republic,74.079016041,1.01795462,0.6463275,0.978027334953617,0.0134395338560018,0.00853313119038157,0.0219726650463834
2015,Denmark,1971.5539383643,5.41513,22.746104,0.985917377439956,0.00270795064959056,0.0113746719104536,0.0140826225600441
2015,EU Institutions,15767.9487684495,22.647960795,199.147720201,0.986128878938794,0.00141640542577811,0.0124547156354276,0.0138711210612057
2015,Estonia,15.78505612,0.00356644,0.3328671,0.979131361487348,0.000221222732837705,0.0206474157798145,0.0208686385126522
2015,Finland,623.51834938095,16.158453609,55.118347804,0.897413214050859,0.0232564283019759,0.079330357647165,0.102586785949141
2015,France,6961.1460692721,0.9538675,3.70974123,0.999330500121942,0.000136935624728924,0.000532564253329415,0.000669499878058339
2015,Germany,15858.119878686,12.3453957,62.50090534,0.995302425160782,0.000774833484282982,0.00392274135493551,0.00469757483921849
2015,Global Alliance for Vaccines and Immunization,1746.2675293224,0,0.825348,0.99952758779415,0,0.0004724122058496,0.0004724122058496
2015,Global Environment Facility,823.3914984,0,0,1,0,0,0
2015,Global Fund,3224.54729353,2.14159,53.6398122,0.982995179028062,0.000652858356172571,0.0163519626157656,0.0170048209719381
2015,Global Green Growth Institute,9.182257927,0,0,1,0,0,0
2015,Greece,69.261886213,0,4.0524682,0.944724764577871,0,0.0552752354221293,0.0552752354221293
2015,Green Climate Fund,0,0,0,,,,
2015,Hungary,50.3631436392,0.01514048,0,0.99969946415872,0.000300535841279868,0,0.000300535841279868
2015,IFAD,553.01073737,0,0,1,0,0,0
2015,IMF (Concessional Trust Funds),1490.447637,0,0,1,0,0,0
2015,Iceland,38.673438926,0,0.57086,0.985453683321584,0,0.0145463166784156,0.0145463166784156
2015,Inter-American Development Bank,2124.3587711519,0.0928643,8.25723653,0.996084744176902,4.35428863357718e-05,0.00387171293676228,0.00391525582309805
2015,International Atomic Energy Agency,64.4883255,0,0,1,0,0,0
2015,International Development Association,13532.2471546199,6.53683,5.7262018,0.999094612383082,0.000482618412185479,0.000422769204732207,0.000905387616917687
2015,International Labour Organisation,288.9348837927,0.0643366,0.36408444,0.998519435488727,0.000222338489108691,0.00125822602216442,0.00148056451127312
2015,Ireland,421.65015169027,2.910545441,8.1699195,0.974394081409678,0.00672599841365067,0.018879920176671,0.0256059185903217
2015,Islamic Development Bank,197.331158,0,0,1,0,0,0
2015,Israel,232.76026025,0,0,1,0,0,0
2015,Italy,1902.8748402286,6.821721495,31.319929722,0.9803496511312,0.00351450980713689,0.016135839061663,0.0196503488687999
2015,Japan,12875.758553178,6.2479647,49.8886096,0.995659060505315,0.000483143780428916,0.00385779571425657,0.00434093949468548
2015,Kazakhstan,34.45713409,0,0,1,0,0,0
2015,Korea,1611.920632554,2.0711964,2.2903602,0.997301488174981,0.00128145716997854,0.00141705465504067,0.00269851182501921
2015,Kuwait,639.704659422,0.0306037,0,0.999952161930467,4.78380695330902e-05,0,4.78380695330902e-05
2015,Latvia,2.3360545,0,0,1,0,0,0
2015,Liechtenstein,19.293,0,0,1,0,0,0
2015,Lithuania,10.521514303,0,0.017545,0.998335240414198,0,0.00166475958580153,0.00166475958580153
2015,Luxembourg,272.2508467926,2.9544514,0,0.989264554790903,0.0107354452090975,0,0.0107354452090975
2015,Malta,8.11754467,0,0,1,0,0,0
2015,Montreal Protocol,45.8728653,0,0,1,0,0,0
2015,Netherlands,4394.22054097537,1.605852327,0.0111646,0.999632148161596,0.00036531202662691,2.53981177715029e-06,0.00036785183840406
2015,New Zealand,381.2150139926,0.3950079,3.8307717,0.989036501402427,0.00102482120877302,0.00993867738880026,0.0109634985975733
2015,Nordic Development Fund,39.68386776,0,0,1,0,0,0
2015,Norway,3265.06937169976,12.39355308,60.515220812,0.978157803702734,0.00371289221781374,0.0181293040794525,0.0218421962972663
2015,OPEC Fund for International Development,398.35690001,0.354444,1.7822686,0.994664802302151,0.000885017860060497,0.00445017983778825,0.00533519769784875
2015,OSCE,116.4421926,0,0,1,0,0,0
2015,Poland,126.392238011,1.0237907,0,0.991964977166867,0.00803502283313288,0,0.00803502283313288
2015,Portugal,199.4708253509,0.0411062,1.4221849,0.992717557745563,0.000204575513238165,0.00707786674119884,0.00728244225443701
2015,Romania,33.5665850487,0,0.0364107,0.998916444823185,0,0.00108355517681511,0.00108355517681511
2015,Russia,1031.27016129,0,0,1,0,0,0
2015,Saudi Arabia,842.110406893,0,58.526831,0.935016199044889,0,0.0649838009551114,0.0649838009551114
2015,Slovak Republic,17.42260119,0.01137304,0.23071866,0.986295165078299,0.000643828911763209,0.0130610060099381,0.0137048349217013
2015,Slovenia,25.9708928429,0,0.13845721,0.994697025788866,0,0.00530297421113404,0.00530297421113404
2015,Spain,751.271318566,1.18900031,8.307773497,0.987516861048447,0.001562894556068,0.0109202443954849,0.0124831389515529
2015,Sweden,4919.63967461378,3.8108309,107.57648916,0.977859923992075,0.000757465802515954,0.0213826102054091,0.022140076007925
2015,Switzerland,2634.62799565814,3.8943839,36.22236396,0.985001653725195,0.00145598338287699,0.0135423628919282,0.0149983462748052
2015,Thailand,71.684296119,0,0,1,0,0,0
2015,Timor-Leste,4.0507928,0,0,1,0,0,0
2015,Turkey,3663.45973014,0,0,1,0,0,0
2015,UN Peacebuilding Fund,72.664152148356,0,0,1,0,0,0
2015,UNAIDS,244.38139829628,0,0,1,0,0,0
2015,UNDP,419.414019030843,0.06203959,6.207526686,0.985271768768155,0.000145741090663105,0.0145824901411819,0.014728231231845
2015,UNECE,13.821495199,0,0.113726,0.99183895265271,0,0.00816104734729012,0.00816104734729012
2015,UNEP,126.76468,0,0,1,0,0,0
2015,UNFPA,315.69571851303,0,1.555942647536,0.995095557130121,0,0.00490444286987835,0.00490444286987835
2015,UNHCR,466.5727712,0,0,1,0,0,0
2015,UNICEF,1416.56093760011,0.8733903,2.290726433,0.997771317253758,0.000615182705506498,0.00161350004073573,0.00222868274624223
2015,UNRWA,781.17371,0,0,1,0,0,0
2015,United Arab Emirates,4514.637852741,1.1550575,2.30519565,0.999234135012365,0.000255651265848778,0.000510213721785796,0.000765864987634573
2015,United Kingdom,10020.7347127681,11.55923820416,363.125305189,0.96395676459407,0.00111195497933467,0.0349312804265955,0.0360432354059302
2015,United States,27872.6366790324,33.4944316,322.40425831915,0.987392236782125,0.00118654514526603,0.0114212180726089,0.012607763217875
2015,WFP,290.207712205,0,0,1,0,0,0
2015,World Health Organisation,657.860052440345,14.5330634048,0,0.978386061572726,0.0216139384272742,0,0.0216139384272742
2016,Adaptation Fund,40.219317,0,0,1,0,0,0
2016,African Development Bank,163.29047224,0,0,1,0,0,0
2016,African Development Fund,2170.56670302,0,0,1,0,0,0
2016,Arab Fund (AFESD),568.75335545,0.45489,0,0.999200837297007,0.000799162702993483,0,0.000799162702993483
2016,Asian Development Bank,2792.6502743532,0,0,1,0,0,0
2016,Australia,2344.2325127328,12.314769336,89.42493007,0.958405210451252,0.00503471350773513,0.0365600760410133,0.0415947895487484
2016,Austria,1016.0878245097,1.576868451,0.66167302,0.997801744562664,0.00154849025192566,0.000649765185410647,0.00219825543733631
2016,Azerbaijan,4.215568404,0,0,1,0,0,0
2016,Belgium,1480.206142539,10.4908633,35.5939524,0.96980600884043,0.0068734360531783,0.0233205551063917,0.03019399115957
2016,Bulgaria,12.431942,0,0,1,0,0,0
2016,Canada,2484.83991796757,6.6206617,332.119726506,0.880031608286343,0.00234477542059787,0.11762361629306,0.119968391713658
2016,Caribbean Development Bank,34.39554067,0,0,1,0,0,0
2016,Center of Excellence in Finance,0.9007432,0,0,1,0,0,0
2016,Chinese Taipei,311.57113,0,0,1,0,0,0
2016,Climate Investment Funds,51.754881555,0,0,1,0,0,0
2016,Council of Europe Development Bank,101.8346891,0,0,1,0,0,0
2016,Croatia,3.533076,0,0,1,0,0,0
2016,Czech Republic,73.449412873,1.03678018,1.20685191,0.970358807852205,0.013697165710625,0.0159440264371704,0.0296411921477954
2016,Denmark,1778.83465433011,4.746662,6.8343471008,0.993531664552907,0.00265115084555512,0.00381718460153749,0.00646833544709261
2016,EU Institutions,18620.1231689923,24.33682178,335.7933283,0.981026061979999,0.00128221796468571,0.0176917200553155,0.0189739380200012
2016,Estonia,19.59316692,0.0152355,0.10196087,0.994054073571568,0.000772969010050144,0.00517295741838151,0.00594592642843165
2016,Finland,575.6695048057,10.841592358,46.723595632,0.909093439375767,0.0171209702837583,0.0737855903404749,0.0909065606242332
2016,France,7614.0484715829,2.658972,3.27137366,0.999221737251214,0.00034894742672816,0.00042931532205803,0.00077826274878619
2016,Germany,21877.2251299814,14.2675274099,95.80405003,0.994993855820268,0.000648898661793395,0.00435724551793871,0.0050061441797321
2016,Global Alliance for Vaccines and Immunization,1363.179431875,0,-0.00299344,1.00000219592997,0,-2.1959299732591e-06,-2.1959299732591e-06
2016,Global Environment Facility,866.2414318,0,0,1,0,0,0
2016,Global Fund,3598.38522529,25.5446,39.8401565,0.982153695012247,0.00697221717710557,0.0108740878106478,0.0178463049877534
2016,Global Green Growth Institute,24.3891909,0,0,1,0,0,0
2016,Greece,163.2079254387,0,0,1,0,0,0
2016,Green Climate Fund,0,0,0,,,,
2016,Hungary,58.208923086,0,0,1,0,0,0
2016,IFAD,609.8645939,0,0,1,0,0,0
2016,IMF (Concessional Trust Funds),957.778768,0,0,1,0,0,0
2016,Iceland,53.65268933,0,0.5378068,0.990075625092824,0,0.00992437490717618,0.00992437490717618
2016,Inter-American Development Bank,1682.1788603753,0,4.4327409,0.997371806943194,0,0.00262819305680589,0.00262819305680589
2016,International Atomic Energy Agency,72.84660289,0,0,1,0,0,0
2016,International Development Association,12472.3579804186,4.45446,0,0.99964298092792,0.000357019072080445,0,0.000357019072080445
2016,International Labour Organisation,243.1412931452,0.132658378,0.716043424,0.996521571295644,0.000543704171266152,0.00293472453308978,0.00347842870435594
2016,Ireland,428.564363882196,4.12331935,4.2726458,0.980785520807814,0.00943637002272621,0.00977810916946005,0.0192144791921863
2016,Islamic Development Bank,353.86575246,0,0,1,0,0,0
2016,Israel,273.37263116,0,0,1,0,0,0
2016,Italy,2521.244668907,3.64675645,30.90715751,0.986480188935218,0.00142685596370791,0.0120929551010743,0.0135198110647822
2016,Japan,12929.47888239,3.3912574,42.7683385,0.996442595408524,0.000261355724858861,0.00329604886661703,0.00355740459147589
2016,Kazakhstan,20.19623297,0,0,1,0,0,0
2016,Korea,1693.451655329,4.4216038,5.28386436,0.99430148397576,0.00259612207178051,0.00310239395245915,0.00569851602423967
2016,Kuwait,1378.72824711,0,0,1,0,0,0
2016,Latvia,3.56616054,0,0,1,0,0,0
2016,Liechtenstein,19.2028,0,0,1,0,0,0
2016,Lithuania,14.692771461,0.0587779,0,0.996015476167175,0.00398452383282508,0,0.00398452383282508
2016,Luxembourg,285.0545049219,0.1949011,1.87639032,0.992786118675545,0.000678800381167835,0.00653508094328681,0.00721388132445464
2016,Malta,10.812251611,0,0,1,0,0,0
2016,Netherlands,3436.28840820579,2.2189645,2.31789149,0.998681462834742,0.000644893108374288,0.000673644056883474,0.00131853716525776
2016,New Zealand,376.914450721,1.2986947,3.950724,0.986263958683606,0.0033982665655118,0.0103377747508826,0.0137360413163944
2016,Nordic Development Fund,33.1999081,0,0,1,0,0,0
2016,Norway,3589.51970089659,13.96071779,61.571286768,0.979391285409265,0.00380914620364637,0.0167995683870886,0.0206087145907349
2016,OPEC Fund for International Development,477.045980847,2.0287213,1.9223598,0.991785644003715,0.00421774156330198,0.00399661443298342,0.0082143559962854
2016,OSCE,114.48744,0,0,1,0,0,0
2016,Poland,184.671753689,0.99391485,0.0324633,0.994472867659811,0.00535231474951898,0.000174817590669925,0.00552713234018891
2016,Portugal,176.0392606545,0,4.0789532,0.977354021491158,0,0.0226459785088419,0.0226459785088419
2016,Romania,43.8346631972,0.0421367,0,0.999039658769584,0.000960341230416144,0,0.000960341230416144
2016,Russia,927.801846103,0,0,1,0,0,0
2016,Saudi Arabia,1394.84436452,0.9788452,0.569283,0.998891337351016,0.000700981425425262,0.000407681223558505,0.00110866264898377
2016,Slovak Republic,26.022842219,0.010406688,0.533136304,0.979540197596211,0.000391723899105816,0.0200680785046831,0.0204598024037889
2016,Slovenia,28.6924568119,0,0.17521353,0.993930458262658,0,0.00606954173734228,0.00606954173734228
2016,Spain,2909.15700075287,2.931534201,12.3396397591,0.99477806495911,0.00100242988572893,0.00421950515516119,0.00522193504089012
2016,Sweden,3429.7476882169,4.1755508,171.24140255,0.951342873130543,0.00115821362271688,0.0474989132467398,0.0486571268694567
2016,Switzerland,2729.69784797541,3.98419684,31.5413953856,0.987152722738739,0.00144082274946663,0.0114064545117942,0.0128472772612609
2016,Thailand,70.9947575862,0,0,1,0,0,0
2016,Turkey,6144.19362192,0,0,1,0,0,0
2016,UN Peacebuilding Fund,55.0290975351,0,0,1,0,0,0
2016,UNAIDS,188.850260821083,0,0,1,0,0,0
2016,UNDP,385.969463367,0.058199,4.49729374,0.988334951022306,0.000149027607813248,0.0115160213698809,0.0116650489776941
2016,UNECE,14.225058483,0,0.000712724,0.999949899095829,0,5.01009041709664e-05,5.01009041709664e-05
2016,UNEP,80.69297938,0,0,1,0,0,0
2016,UNFPA,261.295507545741,0,1.386738466368,0.994720851951661,0,0.0052791480483385,0.0052791480483385
2016,UNHCR,512.2594268,0,0,1,0,0,0
2016,UNICEF,1468.15517085061,0.76381606,2.13452036,0.998029754590384,0.000519230644041754,0.00145101476557463,0.00197024540961638
2016,UNRWA,729.55871,0,0,1,0,0,0
2016,United Arab Emirates,4497.8445687368,0.1341959,2.77111133,0.999354483739362,2.98163425425132e-05,0.000615699918095258,0.000645516260637771
2016,United Kingdom,10734.885144794,11.387922912,613.36428631,0.945002451244526,0.00100249000536747,0.0539950587501068,0.0549975487554743
2016,United States,29331.8682891385,35.38986425,446.7906055684,0.98382707180374,0.00118701973476071,0.0149859084614991,0.0161729281962598
2016,WFP,313.2850709797,0,0,1,0,0,0
2016,World Health Organisation,534.538140161882,9.672988048,0,0.9822256702471,0.0177743297528997,0,0.0177743297528997
2016,World Tourism Organisation,13.2376425818,0,0,1,0,0,0
2017,Adaptation Fund,29.9093201,0,0.9411232,0.969494013721352,0,0.0305059862786477,0.0305059862786477
2017,African Development Bank,119.85351,0,0,1,0,0,0
2017,African Development Fund,2561.08095,0,0,1,0,0,0
2017,Arab Fund (AFESD),768.71634844,0.2109773,0,0.99972562127403,0.000274378725969922,0,0.000274378725969922
2017,Asian Development Bank,2521.2508728778,0,36.7727372,0.985624551292206,0,0.0143754487077942,0.0143754487077942
2017,Asian Infrastructure Investment Bank,0,0,0,,,,
2017,Australia,2266.73727426412,6.2143240448,168.3844148776,0.928482299044732,0.0025454603590961,0.068972240596172,0.0715177009552681
2017,Austria,571.9594006804,2.28341314,16.533941303,0.968148113005784,0.00386510322249061,0.0279867837717251,0.0318518869942157
2017,Azerbaijan,5.35372,0,0,1,0,0,0
2017,Belgium,1316.383931441,11.19772438,5.2710088,0.987643995756513,0.00840132197446152,0.00395468226902546,0.012356004243487
2017,Bulgaria,9.88,0,0,1,0,0,0
2017,Canada,2785.80594835344,7.17824602,380.4869593353,0.877841900373902,0.00226195407877302,0.119896145547325,0.122158099626098
2017,Caribbean Development Bank,30.01498,0,0,1,0,0,0
2017,Center of Excellence in Finance,0.9018149,0,0,1,0,0,0
2017,Central Emergency Response Fund,400.163479,0.75,17.295181,0.956851249804344,0.00179336315034701,0.0413553870453089,0.0431487501956559
2017,Chinese Taipei,300.627,0,0,1,0,0,0
2017,Climate Investment Funds,344.61661172,0,0.450128,0.998695533506459,0,0.0013044664935405,0.0013044664935405
2017,Council of Europe Development Bank,89.64592134,0,0,1,0,0,0
2017,Croatia,14.09179048,0,0.00226487,0.999839303171177,0,0.000160696828822941,0.000160696828822941
2017,Czech Republic,77.584128072,1.24887037,1.7107731,0.96325422297295,0.0155054865955559,0.0212402904314942,0.0367457770270502
2017,Denmark,1746.59051362196,4.9229,5.01234376308,0.994343809806768,0.00280263467774521,0.00285355551548639,0.0056561901932316
2017,Development Bank of Latin America,0,0,0,,,,
2017,EU Institutions,18290.0174856787,22.25701843,309.194292698,0.982200581772323,0.00119523431115255,0.0166041839165245,0.017799418227677
2017,Estonia,20.01353119,0.03269077,0.2975988,0.983764624457889,0.00160691398069514,0.0146284615614162,0.0162353755421113
2017,Finland,514.6648135977,10.760193934,44.542771116,0.902971769419648,0.0188786004000604,0.0781496301802915,0.0970282305803519
2017,Food and Agriculture Organisation,447.44090869,0,0.1007742,0.999774827230954,0,0.000225172769046339,0.000225172769046339
2017,France,8639.83813274971,2.89186608,3.14269649,0.999302029675586,0.000334479373211852,0.000363490951202791,0.000697970324414643
2017,Germany,21934.0763554,14.4770697,87.83478292,0.99535714057793,0.00065696200136514,0.00398589742070495,0.00464285942207009
2017,Global Alliance for Vaccines and Immunization,1679.15352,0,0,1,0,0,0
2017,Global Environment Facility,424.027531093,0,0,1,0,0,0
2017,Global Fund,4218.220294,28.22325,5.14852,0.992150759174999,0.00663827798508187,0.00121096283991935,0.00784924082500122
2017,Global Green Growth Institute,20.633213,0,0,1,0,0,0
2017,Greece,84.615252966,0,0.0563634,0.999334329466957,0,0.000665670533043383,0.000665670533043383
2017,Green Climate Fund,0,0,0,,,,
2017,Hungary,39.382809876,0,0,1,0,0,0
2017,IFAD,684.4642054,0,0,1,0,0,0
2017,IMF (Concessional Trust Funds),1211.39508,0,0,1,0,0,0
2017,Iceland,53.21608032,0.430333,0.496146,0.982888156532752,0.00794814662263365,0.00916369684461381,0.0171118434672475
2017,Inter-American Development Bank,1332.570478,0.151471,2.49753,0.998016055755879,0.000113442772804245,0.00187050147131654,0.00198394424412078
2017,International Atomic Energy Agency,76.39485921,0,0,1,0,0,0
2017,International Development Association,13976.39515532,-0.109393,-0.218315,1.00002344779755,-7.82716600448124e-06,-1.5620631541948e-05,-2.34477975464293e-05
2017,International Labour Organisation,269.08702,0.07307,0.4756,0.997965143264232,0.000270995282560703,0.00176386145320747,0.00203485673576818
2017,Ireland,483.9863599331,2.45960828,6.187784762,0.982446608682867,0.00499277255191306,0.0125606187652204,0.0175533913171335
2017,Islamic Development Bank,338.98198,0,0,1,0,0,0
2017,Israel,388.132683,0,0,1,0,0,0
2017,Italy,3127.5384474249,8.51789541,71.852058216,0.974946306571699,0.00265528012184187,0.022398413306459,0.0250536934283008
2017,Japan,14697.4829635018,3.64791195,33.0744946,0.99750767648287,0.000247581179872422,0.00224474233725736,0.00249232351712978
2017,Kazakhstan,23.52424907,0,0,1,0,0,0
2017,Korea,1685.3847992,7.295242,9.568655,0.990093164977805,0.00428564992664437,0.00562118509555067,0.00990683502219504
2017,Kuwait,848.5294204,0,0,1,0,0,0
2017,Latvia,4.52606988,0,0,1,0,0,0
2017,Liechtenstein,16.5,0,0,1,0,0,0
2017,Lithuania,15.2075800725,0.04948706,0.0066847,0.996319924444762,0.00324212949365639,0.000437946061581449,0.00368007555523784
2017,Luxembourg,304.7351067841,0.112727,1.60329381,0.994400344278475,0.000367846582536674,0.00523180913898803,0.00559965572152471
2017,Malta,15.102595514,0,0,1,0,0,0
2017,Netherlands,3627.314527221,1.0452063,10.2989268,0.996882331056852,0.000287250439673776,0.00283041850347442,0.0031176689431482
2017,New Zealand,368.68915423,1.497087,2.9231244,0.988153040885113,0.00401246159412844,0.00783449752075847,0.0118469591148869
2017,Nordic Development Fund,34.8456424,0,0,1,0,0,0
2017,Norway,3077.1058767927,13.853094985,59.546147942,0.976702388938339,0.0043971028322698,0.0189005082293908,0.0232976110616606
2017,OPEC Fund for International Development,506.59962,0.575,1.35753,0.996199787958342,0.00113070530545611,0.00266950673620144,0.00380021204165754
2017,OSCE,108.9211519,0,0,1,0,0,0
2017,Poland,246.918718373,1.28685642,0.00230037,0.994806140662727,0.00518459142021546,9.26791705738317e-06,0.00519385933727284
2017,Portugal,162.4688284981,0,4.0349443,0.975766649414649,0,0.0242333505853511,0.0242333505853511
2017,Romania,38.9345936001,0,0,1,0,0,0
2017,Russia,733.7653022,0,0,1,0,0,0
2017,Saudi Arabia,1786.77681,0,0,1,0,0,0
2017,Slovak Republic,34.4758705,0.00708,0.95793,0.972771274686587,0.000199769303135683,0.0270289560102775,0.0272287253134131
2017,Slovenia,24.8554605829,0,0.0676361,0.99728620801578,0,0.00271379198422024,0.00271379198422024
2017,Spain,1055.9846319429,3.12423457,9.600303635,0.98809354447362,0.00292337209904134,0.00898308342733824,0.0119064555263796
2017,Sweden,3660.4434770634,4.04615021,189.8478218,0.949694603917824,0.00104976543010595,0.0492556306520697,0.0503053960821757
2017,Switzerland,2332.60634777527,2.638564273,40.9756359388,0.981645558848169,0.00111040377764394,0.0172440373741869,0.0183544411518309
2017,Thailand,60.3439179,0,0,1,0,0,0
2017,Turkey,8400.4444555,0,0,1,0,0,0
2017,UN Peacebuilding Fund,58.36944143,0,0,1,0,0,0
2017,UNAIDS,165.218,0,0,1,0,0,0
2017,UNDP,347.32258847,0.04901429,4.47869895,0.987131705677115,0.000139304385307585,0.0127289899375769,0.0128682943228845
2017,UNECE,14.34293,0,0,1,0,0,0
2017,UNFPA,214.30372416,0,0.79542264,0.996302065108889,0,0.00369793489111134,0.00369793489111134
2017,UNHCR,521.56575,0,0,1,0,0,0
2017,UNICEF,1522.09947,0.744,1.568,0.998483349118332,0.000488057204135311,0.00102859367753248,0.0015166508816678
2017,UNRWA,892.9038,0,0,1,0,0,0
2017,United Arab Emirates,4293.984,8.573,0.561,0.997877353119296,0.00199227629825629,0.000130370582447425,0.00212264688070371
2017,United Kingdom,10559.0641754559,21.8122971,867.6582260074,0.922307042208727,0.00190524793559277,0.0757877098556798,0.0776929577912726
2017,United States,30123.35265,91.35641,508.58897,0.980472624409848,0.00297352224070457,0.0165538533494479,0.0195273755901524
2017,WFP,286.003,0,0,1,0,0,0
2017,World Health Organisation,522.013363253,11.40501295,0,0.978619010032643,0.0213809899673566,0,0.0213809899673566
2017,World Tourism Organisation,12.698452,0,0,1,0,0,0
2018,Adaptation Fund,47.273547,0,0,1,0,0,0
2018,African Development Bank,94.437477245,0,0,1,0,0,0
2018,African Development Fund,2026.43474459,0,0,1,0,0,0
2018,Arab Fund (AFESD),541.27712148,0.2795702,0,0.999483765588543,0.000516234411456954,0,0.000516234411456954
2018,Asian Development Bank,2174.36747684925,0.201414,19.38280341,0.991073542110683,9.18042090566647e-05,0.00883465368025994,0.0089264578893166
2018,Asian Infrastructure Investment Bank,0.2139205,0,0,1,0,0,0
2018,Australia,2389.54120319809,6.3772155789,184.450779035,0.92604624377949,0.00247143532185531,0.0714823208986544,0.0739537562205097
2018,Austria,430.0037380891,4.11914562,12.408077501,0.962987509138871,0.00922477045900044,0.0277877204021286,0.0370124908611291
2018,Azerbaijan,5.110373065,0.00959118,0,0.998126709574317,0.00187329042568343,0,0.00187329042568343
2018,Belgium,1223.7594497257,16.4070207,29.1195215,0.964132163681308,0.0129261811793165,0.0229416551393758,0.0358678363186923
2018,Bulgaria,9.3514015,0,0,1,0,0,0
2018,Canada,3457.70561720038,4.41138073,6.6787168722,0.996802896880069,0.00127173263942154,0.00192537048050986,0.0031971031199314
2018,Caribbean Development Bank,35.411507,0,0,1,0,0,0
2018,Center of Excellence in Finance,1.1319696,0,0,1,0,0,0
2018,Central Emergency Response Fund,480.0464222,0,0,1,0,0,0
2018,Chinese Taipei,254.487741,0,0,1,0,0,0
2018,Climate Investment Funds,389.03993802,0,1.97861,0.994939856408298,0,0.00506014359170194,0.00506014359170194
2018,Council of Europe Development Bank,40.69091548,0,0,1,0,0,0
2018,Croatia,15.405821122,0.048241735,0.530163,0.963814028894825,0.00301808391795674,0.0331678871872187,0.0361859711051754
2018,Cyprus,3.183174212,0,0,1,0,0,0
2018,Czech Republic,88.9223000259,0.5933236,1.88014089,0.9729367711611,0.00649180630133884,0.020571422537561,0.0270632288388998
2018,Denmark,1755.503210952,6.72199074,4.4762544863,0.993661495445572,0.00380482549357315,0.00253367906085444,0.00633850455442758
2018,Development Bank of Latin America,0,0,0,,,,
2018,EU Institutions,18017.3212233653,21.438482498,251.391529102,0.985083228230588,0.00117213259871881,0.0137446391706928,0.0149167717694117
2018,Estonia,19.74554629,0.07394432,0.15223818,0.988674866238257,0.00370244963655948,0.00762268412518334,0.0113251337617428
2018,Finland,355.77774964596,8.3037525996,51.68007806,0.855725412108749,0.0199723904106224,0.124302197480629,0.144274587891251
2018,Food and Agriculture Organisation,380.574893723908,0,0.0630716,0.999834300291232,0,0.000165699708767433,0.000165699708767433
2018,France,8842.66026467235,8.444316,6.75167153,0.998284462165863,0.000953313731852498,0.000762224102284491,0.00171553783413699
2018,Germany,20283.0814661697,15.6746163,204.06090737,0.989282666680442,0.000764510374733758,0.00995282294482381,0.0107173333195576
2018,Global Alliance for Vaccines and Immunization,1500.601944487,0,0,1,0,0,0
2018,Global Environment Facility,19.014716928,0,0,1,0,0,0
2018,Global Fund,3094.76548669159,46.28094,7.6695541,0.98286587471556,0.0146983533231743,0.00243577196126526,0.0171341252844395
2018,Global Green Growth Institute,17.8114018,0,0,1,0,0,0
2018,Greece,36.719682895,0,0,1,0,0,0
2018,Green Climate Fund,0,0,0,,,,
2018,Hungary,121.656134726,0.00976173,0.0116979,0.999823635319932,8.0226191614534e-05,9.61384884531387e-05,0.000176364680067673
2018,IFAD,617.5483678,0,0,1,0,0,0
2018,IMF (Concessional Trust Funds),1164.403588,0,0,1,0,0,0
2018,Iceland,56.65124012,0,3.9857583,0.934268542245565,0,0.0657314577544355,0.0657314577544355
2018,Inter-American Development Bank,1082.77507828391,0.2778673,1.29679559,0.99854782748572,0.000256252470442961,0.00119592004383761,0.00145217251428057
2018,International Atomic Energy Agency,72.8340787,0,0,1,0,0,0
2018,International Development Association,14256.9035098911,0,0,1,0,0,0
2018,International Labour Organisation,212.96930506246,0.08309084,4.200664035,0.980282188539792,0.00038246108029005,0.0193353503799175,0.0197178114602075
2018,Ireland,497.71242786864,2.91500952,4.9586621,0.984426645376596,0.00576560455864649,0.0098077500647571,0.0155733546234036
2018,Islamic Development Bank,159.173483016,0,0,1,0,0,0
2018,Israel,315.75802171,0,0,1,0,0,0
2018,Italy,2016.5694652234,10.461162038,89.4951455498,0.952773404003941,0.00494261027783533,0.0422839857182232,0.0472265959960585
2018,Japan,13049.2257903796,8.2017948,23.9019349,0.997545835868539,0.000626984802073092,0.00182717932938781,0.0024541641314609
2018,Kazakhstan,28.375704376,0,0,1,0,0,0
2018,Korea,1825.204103436,5.0480914,12.5848278,0.990431644804499,0.00273930431068679,0.0068290508848138,0.00956835519550058
2018,Kuwait,1947.137267,0,0,1,0,0,0
2018,Latvia,4.541962036,0,0,1,0,0,0
2018,Liechtenstein,17.9451,0,0,1,0,0,0
2018,Lithuania,11.1833574002,0.04697516,0,0.995817117636705,0.00418288236329516,0,0.00418288236329516
2018,Luxembourg,324.4334391597,0,2.373962376,0.992735897764725,0,0.00726410223527533,0.00726410223527533
2018,Malta,19.677786989,0,0,1,0,0,0
2018,Netherlands,3530.3611127567,1.2956147,49.1525139,0.985911528596009,0.000361821759460472,0.0137266496445304,0.0140884714039908
2018,New Zealand,466.580736629,0.9266666,2.5074331,0.992693635531121,0.00197156882799196,0.00533479564088665,0.00730636446887861
2018,Nordic Development Fund,22.0266586,0,0,1,0,0,0
2018,Norway,2940.4804575169,13.431835824,86.271620563,0.967204794443185,0.00441809976119247,0.0283771057956223,0.0327952055568148
2018,OPEC Fund for International Development,501.48432077,1.4003117,0.750176,0.995730065388981,0.00278041087798127,0.00148952373303778,0.00426993461101904
2018,OSCE,110.952172,0,0,1,0,0,0
2018,Poland,249.497140079,1.24308091,0.8538512,0.991665415278843,0.00494081954787148,0.00339376517328508,0.00833458472115656
2018,Portugal,160.6584366361,0,4.29420414,0.973967048240053,0,0.0260329517599465,0.0260329517599465
2018,Romania,56.8183561096,0,0,1,0,0,0
2018,Russia,617.94265766,0,0,1,0,0,0
2018,Saudi Arabia,4767.47148347,0.5501962,0.622809,0.999754017058141,0.00011537790273677,0.000130605039121653,0.000245982941858423
2018,Slovak Republic,29.3872372171,0.01088141,0.79678694,0.97325150270117,0.000360372380559993,0.02638812491827,0.02674849729883
2018,Slovenia,27.217854657,0,0.1766788,0.99355058189703,0,0.00644941810297025,0.00644941810297025
2018,Spain,967.65036018989,4.44861256,8.570944394,0.98672381325623,0.00453629960726864,0.00873988713650163,0.0132761867437703
2018,Sweden,3631.8714297836,5.22822146,226.25977702,0.940081164391157,0.00135328373067008,0.0585655518781728,0.0599188356088429
2018,Switzerland,2248.4126940419,6.16864233,53.0992999063,0.974317095136749,0.00267309186246357,0.0230098130007876,0.0256829048632512
2018,Turkey,9634.2218735506,0,0,1,0,0,0
2018,UN Peacebuilding Fund,120.426208591903,0,0,1,0,0,0
2018,UNAIDS,181.7053516717,0,0,1,0,0,0
2018,UNDP,290.011640331058,0.00819566,2.02904157555,0.993024327802508,2.80626313933729e-05,0.00694760956609817,0.00697567219749155
2018,UNFPA,202.91507752604,0,0,1,0,0,0
2018,UNHCR,459.9712404,0,0,1,0,0,0
2018,UNICEF,1435.46945316619,0.298339488,2.1368210086,0.998306451990305,0.000207482113323245,0.00148606589637184,0.00169354800969509
2018,UNRWA,728.23504,0,0,1,0,0,0
2018,United Arab Emirates,3987.3474965867,1.492060594,3.610212,0.99872201958973,0.000373720567636895,0.000904259842633126,0.00127798041027002
2018,United Kingdom,10342.5655398319,37.13549072,1464.1879676272,0.873240667944624,0.00313541360660416,0.123623918448772,0.126759332055376
2018,United States,29429.9830023064,56.270429897,507.77061181635,0.981194885991771,0.0018760547039109,0.016929059304318,0.0188051140082289
2018,WFP,178.077981961,0,0,1,0,0,0
2018,World Health Organisation,488.82729095332,10.3014359404,0,0.979361163993686,0.0206388360063144,0,0.0206388360063144
2018,World Tourism Organisation,9.3539184,0,0,1,0,0,0
