Year,DonorName,None_Not inclusion,Principal_Not inclusion,Principal_inclusion,Significant_Not inclusion,Significant_inclusion,None_Not inclusion.share,Principal_Not inclusion.share,Principal_inclusion.share,Significant_Not inclusion.share,Significant_inclusion.share,inclusion.share
2014,Adaptation Fund,36.8777905,0,0,0,0,1,0,0,0,0,0
2014,African Development Bank,125.3879456,0,0,0,0,1,0,0,0,0,0
2014,African Development Fund,1833.92980639,0,0,0,0,1,0,0,0,0,0
2014,Arab Bank for Economic Development in Africa,114.1731243336,0.456147,0,0.308105,0,0.993350709539586,0.00396865679860358,0,0.00268063366181024,0,0
2014,Arab Fund (AFESD),807.06775552,0.0601726,0.156115,0,0,0.999732079926708,7.45370858160955e-05,0.000193382987475691,0,0,0.000193382987475691
2014,Asian Development Bank,2510.42591187922,0.0159081,0,33.024124318,8.75233804,0.98362507989727,6.23304836819521e-06,0,0.0129393808306074,0.00342930622375487,0.00342930622375487
2014,Australia,2931.44264547229,1.69415789,10.70888427979,119.530384858,44.885704246,0.943113179013225,0.000545049938417205,0.00344529677645128,0.0384557007882174,0.0144407734836894,0.0178860702601407
2014,Austria,559.9522233131,0.694027756,0.61553825,0.1158999,0.01925006,0.997426569571514,0.00123625140687659,0.00109644033825768,0.000206449112723752,3.42895706284387e-05,0.00113072990888611
2014,Azerbaijan,9.221574029,0,0,0,0,1,0,0,0,0,0
2014,Belgium,1157.77379365234,2.91022579,7.05490351,13.2733434,32.3064268,0.954220684298791,0.0023985666803162,0.0058145510736924,0.0109397007356034,0.0266264972115976,0.03244104828529
2014,Canada,2547.599561016,0.2743615,5.73462713,244.167539524,90.681390342,0.881993098076144,9.49854730235991e-05,0.00198535971904591,0.0845321564384779,0.0313944002933083,0.0333797600123542
2014,Climate Investment Funds,318.1398707692,0,0,0.341689,1.02211,0.995731507556752,0,0,0.00106943685575451,0.00319905558749401,0.00319905558749401
2014,Council of Europe Development Bank,70.4129628,0,0,0,0,1,0,0,0,0,0
2014,Croatia,27.469181,0,0,0,0,1,0,0,0,0,0
2014,Cyprus,0.17096406,0,0,0,0,1,0,0,0,0,0
2014,Czech Republic,56.6685441,0.46148119,0.33395388,0.22844828,0.0397024,0.981577229997171,0.00799348978115,0.00578454113623871,0.00395703883770711,0.000687700247733022,0.00647224138397174
2014,Denmark,1927.754455292,9.32328,0,5.19415085,2.54307853,0.991227695338678,0.00479391621792277,0,0.00267076865632614,0.0013076197870726,0.0013076197870726
2014,EU Institutions,15811.5151249397,9.336707503,25.02573526,217.570930327,46.715196523,0.98146210210676,0.000579553856808854,0.00155341284759645,0.0135051967473532,0.00289973444148154,0.00445314728907799
2014,Estonia,13.32058572,0.08036003,0.0011994,0.159521,0,0.982223391482027,0.00592552781576916,8.84404605403149e-05,0.0117626402416638,0,8.84404605403149e-05
2014,Finland,708.2640715794,3.076777541,7.317043141,32.00508499,30.92967971,0.906180560002854,0.00393654867864496,0.00936170916631496,0.0409485487164455,0.0395726334357406,0.0489343426020555
2014,France,7131.0013814555,1.613785599,22.835267,4.11697516,39.17219242,0.990590266640063,0.000224176131976434,0.00317212015764748,0.000571902220086587,0.00544153485022653,0.00861365500787401
2014,Germany,11999.3505308605,5.200256704,7.5381121,43.215835198,7.535399231,0.99473676161441,0.000431097208136116,0.000624903589553081,0.0035825588930635,0.000624678694837588,0.00124958228439067
2014,Global Alliance for Vaccines and Immunization,1286.2551458412,0,0,4.39584,0,0.996594090851653,0,0,0.0034059091483473,0,0
2014,Global Environment Facility,767.61366906,0,0,0,0,1,0,0,0,0,0
2014,Global Fund,2397.52696849,22.22286,2.20729,202.66091,9.307988,0.910248409970517,0.00843716181125483,0.000838022778992654,0.0769425218215006,0.00353388361773499,0.00437190639672765
2014,Global Green Growth Institute,14.1631692,0,0,0,0,1,0,0,0,0,0
2014,Greece,38.996551023,0,0,0.0908915,0.080428257,0.995626013015559,0,0,0.00232056270075348,0.00205342428368786,0.00205342428368786
2014,Hungary,27.1978172364,0.0115195,0,0,0,0.999576634296102,0.000423365703897864,0,0,0,0
2014,IFAD,0,0,0,0,0,,,,,,
2014,IMF (Concessional Trust Funds),759.103624,0,0,0,0,1,0,0,0,0,0
2014,Iceland,36.305648881,0,0,0.10134,0.141734,0.993349316177437,0,0,0.00277273710301604,0.00387794671954683,0.00387794671954683
2014,Inter-American Development Bank,1721.029166709,15.671985,0.55139,4.489019,8.049784,0.983562509846119,0.0089564878963362,0.000315117571970674,0.00256545959812514,0.00460042508744877,0.00491554265941944
2014,International Development Association,12541.3274654081,4.774705,0,6.410357,0,0.99910893839177,0.00038037842938412,0,0.000510683178845919,0,0
2014,International Labour Organisation,202.9416488939,0.0324321,0.0152262,0.28824896,0.03437524,0.998178746827787,0.000159518921381773,7.48908334872905e-05,0.00141776706376146,0.000169076353583011,0.000243967187070302
2014,Ireland,471.9281324651,1.2798588,0.2027941,3.064773947,0.717853476,0.988966150449906,0.00268205462544456,0.000424972546907414,0.00642249843536907,0.00150432394237338,0.00192929648928079
2014,Islamic Development Bank,224.335529,0,0,0,0,1,0,0,0,0,0
2014,Italy,1019.5255364916,2.981953331,2.801816678,241.572820482,3.3236181,0.802645981124343,0.00234761442588664,0.00220579751654154,0.19018400870663,0.00261659822659979,0.00482239574314134
2014,Japan,12085.474075772,2.8263397,0.5557209,27.740077,1.92818,0.997272744062959,0.000233224739931688,4.58571425002817e-05,0.00228906392391898,0.000159110130690052,0.000204967273190333
2014,Kazakhstan,24.707661851,0,0,0,0,1,0,0,0,0,0
2014,Korea,1459.502953075,3.71065024,0.1784955,5.0707213375,0.4662104,0.993583027306667,0.00252609225008259,0.000121514039335763,0.00345198524369334,0.000317381160221639,0.000438895199557402
2014,Kuwait,501.637073650912,0.0517162,0,0,0,0.999896915775185,0.000103084224814688,0,0,0,0
2014,Lithuania,5.7729584083,0,0.00238656,0.00968958,0.01776924,0.994856731144317,0,0.000411277045901835,0.00166981003554468,0.00306218177423602,0.00347345882013786
2014,Luxembourg,262.3680367393,2.6135316,0.3491822,0.10117658,0.2922958,0.987369664146052,0.00983550378391256,0.00131407741516304,0.000380757835655529,0.00109999681921648,0.00241407423437951
2014,Netherlands,3633.83151760707,3.8950506,0.041298,0.079553435,0,0.998896077385402,0.00107070202531563,1.13523177956879e-05,2.1868271486721e-05,0,1.13523177956879e-05
2014,New Zealand,362.209001604,2.557253,0.835598,3.589769,1.7916943,0.976348493520203,0.00689317521939921,0.00225238700550143,0.00967636237563021,0.00482958187926607,0.0070819688847675
2014,Nordic Development Fund,45.2503554,0,0,0,0,1,0,0,0,0,0
2014,Norway,2931.09481549,7.19734383,6.36410428,19.057607203,12.1409473,0.984958942774792,0.00241858029706841,0.00213858022954792,0.00640407827931221,0.00407981841928008,0.006218398648828
2014,OPEC Fund for International Development,408.78857349,0,0.364918,6.5065157,4.23345801,0.973553073266547,0,0.00086907282499904,0.0154956345817406,0.0100822193267132,0.0109512921517122
2014,OSCE,119.062745,0,0,0,0,1,0,0,0,0,0
2014,Poland,88.5419826071,0.36453902,0.1527193,0.0129458,0,0.994047478348944,0.00409262457108948,0.00171455653679978,0.000145340543167122,0,0.00171455653679978
2014,Portugal,258.7606934715,0,0,1.480051907,0,0.994312758730969,0,0,0.00568724126903102,0,0
2014,Romania,63.7616788301,0,0,0.0919003,0,0.998560765093328,0,0,0.00143923490667227,0,0
2014,Slovak Republic,13.88322436,0.01588304,0.00113756,0.03063712,0.07830338,0.991008677816447,0.00113375899300858,8.12010093840245e-05,0.00218693085957619,0.00558943132158378,0.0056706323309678
2014,Slovenia,17.756955548,0,0,0,0,1,0,0,0,0,0
2014,Spain,590.594653078331,0.73478593,0.829463891,2.6055557053,3.243373788,0.98760354143751,0.00122872291999942,0.00138704519584854,0.00435705949682158,0.00542363094982093,0.00681067614566947
2014,Sweden,3657.34401201554,0.8578191,2.6387778,42.845766376,10.78669314,0.98461987599223,0.000230939647211447,0.000710404343061838,0.0115348168062211,0.00290396321127582,0.00361436755433766
2014,Switzerland,2492.21955789933,1.809458092,1.40322,15.027738849,23.46562685,0.983540935944142,0.000714092825295638,0.000553773164872694,0.00593061565776647,0.00926058240792332,0.00981435557279601
2014,Timor-Leste,3.0105725,0,0,0,0,1,0,0,0,0,0
2014,UN Peacebuilding Fund,59.3091268183,0,0,0,0,1,0,0,0,0,0
2014,UNAIDS,217.73925828,0,0,0,0,1,0,0,0,0,0
2014,UNDP,415.548695536024,0.099310109475,0.01736778,5.7859414620688,0.912198559,0.983865041146823,0.000235129470973026,4.11204553591184e-05,0.0136989613872051,0.00215974753964016,0.00220086799499928
2014,UNECE,12.76057809,0,0,0.0188663,0,0.998523699511165,0,0,0.00147630048883526,0,0
2014,UNFPA,308.514806574508,0,0,1.67147255,0,0.994611391081779,0,0,0.00538860891822063,0,0
2014,UNHCR,437.9762345,0,0,0,0,1,0,0,0,0,0
2014,UNICEF,1222.25064051044,0.808725636,0.576844265,0.55557664,0.47208629,0.998029473324451,0.000660365389723981,0.00047102252100089,0.000453656429403878,0.000385482335419868,0.000856504856420759
2014,UNRWA,620.45171,0,0,0,0,1,0,0,0,0,0
2014,United Arab Emirates,4616.331147004,0.8411811,0,1.75323581,0,0.999438307269927,0.000182116184458967,0,0.000379576545614287,0,0
2014,United Kingdom,9056.88978900735,6.05686897,11.003604791,206.398252772,36.83865676,0.972062664570392,0.000650074841042889,0.00118100072344938,0.0221524209995066,0.00395383886560956,0.00513483958905894
2014,United States,29158.0438706638,15.22315813,8.59832656,172.5309919597,72.5282972433,0.990862763365837,0.000517320729701732,0.000292192495949129,0.00586303169779631,0.00246469171071588,0.00275688420666501
2014,WFP,281.7280624032,0,0,0,0,1,0,0,0,0,0
2014,World Health Organisation,421.882005367145,6.278149951,1.861880482,0,0,0.981070666720942,0.014599600551442,0.00432973272761612,0,0,0.00432973272761612
2015,Adaptation Fund,43.869507,0,0,0.16804,0,0.996184165298762,0,0,0.00381583470123801,0,0
2015,African Development Bank,125.303031859,0,0,0,0,1,0,0,0,0,0
2015,African Development Fund,2185.96557698,0,0,0,0,1,0,0,0,0,0
2015,Arab Bank for Economic Development in Africa,126.859358304,0.303809,0,0,0,0.997610872657224,0.00238912734277611,0,0,0,0
2015,Arab Fund (AFESD),625.94816586,0.2319637,0.0460225,0,0,0.999556092956058,0.000370415223377281,7.34918205645147e-05,0,0,7.34918205645147e-05
2015,Asian Development Bank,2733.808385727,0,0,0,0,1,0,0,0,0,0
2015,Australia,2778.79030356184,15.81026267,13.949652498,91.20964129,43.62023446,0.944081367123913,0.00537146483379817,0.00473933099029985,0.0309880607880236,0.0148197762639652,0.0195591072542651
2015,Austria,812.4810730278,0.37613928,1.40278593,0.247048,0.026266739,0.997480471435232,0.000461785017270022,0.00172219589751752,0.000303300056687843,3.2247593292416e-05,0.00175444349080994
2015,Azerbaijan,7.210009496,0,0,0,0,1,0,0,0,0,0
2015,Belgium,1184.455180489,5.15281969,10.34210518,16.8190155,27.6647226,0.951802449535377,0.00414069395258276,0.00831069102978855,0.0135153954454101,0.0222307700368416,0.0305414610666302
2015,Bulgaria,1.417777,0,0,0,0,1,0,0,0,0,0
2015,Canada,2725.30077931322,0.74558917,2.42996158,191.1536336544,134.9906927858,0.892189599225991,0.000244085683246006,0.000795503551259796,0.0625785179732304,0.0441922935662728,0.0449877971175326
2015,Caribbean Development Bank,57.8724953,0,0,0,0,1,0,0,0,0,0
2015,Chinese Taipei,227.897487,0,0,0,0,1,0,0,0,0,0
2015,Climate Investment Funds,417.9604425547,0,0,0,0,1,0,0,0,0,0
2015,Council of Europe Development Bank,54.8282968,0,0,0,0,1,0,0,0,0,0
2015,Croatia,16.405712,0,0,0,0,1,0,0,0,0,0
2015,Cyprus,0.57490755,0,0,0,0,1,0,0,0,0,0
2015,Czech Republic,74.079016041,0.61896532,0.8144841,0.2308327,0,0.978027334953617,0.00817188233187743,0.0107532167171904,0.00304756599731559,0,0.0107532167171904
2015,Denmark,1971.5539383643,5.41513,0,8.03428,14.711824,0.985917377439956,0.00270795064959056,0,0.00401771217773025,0.00735695973272331,0.00735695973272331
2015,EU Institutions,15729.2052638495,10.62575906,21.888424765,174.395923346,53.629078425,0.983705856812175,0.000664535890088505,0.00136890397680865,0.0109067361206043,0.00335396720032382,0.00472287117713247
2015,Estonia,15.78505612,0.00356644,0,0.244895,0.0879721,0.979131361487348,0.000221222732837705,0,0.0151905937456651,0.00545682203414942,0.00545682203414942
2015,Finland,623.29760588095,2.527095325,14.822802884,23.70141831,30.446228394,0.897095503859952,0.00363718042952986,0.0213340620858707,0.0341128148101151,0.0438204388145323,0.0651545009004029
2015,France,6954.9078442721,0.4263415,0.527526,1.33132258,8.61664365,0.998434950962782,6.12048734759979e-05,7.57307512529258e-05,0.000191122445421426,0.0012369909670675,0.00131272171832043
2015,Germany,15855.740054586,5.33016893,8.05695777,54.27867137,9.56032707,0.995153060373763,0.000334537139530391,0.000505678458054604,0.00340668967458597,0.000600034354065541,0.00110571281212015
2015,Global Alliance for Vaccines and Immunization,1746.2675293224,0,0,0.825348,0,0.99952758779415,0,0,0.0004724122058496,0,0
2015,Global Environment Facility,823.3914984,0,0,0,0,1,0,0,0,0,0
2015,Global Fund,3186.10892353,10.1413,0,83.5160002,0.562472,0.971277338053761,0.0030915499453457,0,0.0254596438182285,0.000171468182664795,0.000171468182664795
2015,Global Green Growth Institute,9.182257927,0,0,0,0,1,0,0,0,0,0
2015,Greece,69.261886213,0,0,0.5211482,3.53132,0.944724764577871,0,0,0.0071084060437091,0.0481668293784202,0.0481668293784202
2015,Green Climate Fund,0,0,0,0,0,,,,,,
2015,Hungary,50.3631436392,0.01514048,0,0,0,0.99969946415872,0.000300535841279868,0,0,0,0
2015,IFAD,553.01073737,0,0,0,0,1,0,0,0,0,0
2015,IMF (Concessional Trust Funds),1490.447637,0,0,0,0,1,0,0,0,0,0
2015,Iceland,38.673438926,0,0,0.436672,0.134188,0.985453683321584,0,0,0.0111270174764339,0.00341929920198162,0.00341929920198162
2015,Inter-American Development Bank,2103.8674711519,14.2468259,0.0237984,14.1173825,0.45339403,0.986476634852089,0.00668015503061166,1.1158766352336e-05,0.00661946067063569,0.000212590680311029,0.000223749446663365
2015,International Atomic Energy Agency,64.4883255,0,0,0,0,1,0,0,0,0,0
2015,International Development Association,13549.6290946198,6.53683,0,-11.6557382,0,1.0003779323231,0.000482618412185479,0,-0.000860550735285091,0,0
2015,International Labour Organisation,288.9348837927,0.0378343,0.0265023,0.29631474,0.0677697,0.998519435488727,0.000130750165512087,9.15883235966037e-05,0.0010240232090635,0.000234202813100929,0.000325791136697533
2015,Ireland,421.65015169027,2.416012421,0.59559602,7.4164985,0.652358,0.974394081409678,0.00558317883723648,0.0013763667212563,0.0171388346813454,0.00150753835048347,0.00288390507173978
2015,Islamic Development Bank,197.331158,0,0,0,0,1,0,0,0,0,0
2015,Israel,232.76026025,0,0,0,0,1,0,0,0,0,0
2015,Italy,1902.0056615086,3.67675473,4.536356225,25.735998882,5.0617201,0.97990185549225,0.00189424188109895,0.00233710339144078,0.0132590315411657,0.00260776769404479,0.00494487108548557
2015,Japan,12874.297723078,4.8073815,1.5294982,49.8466494,1.4138753,0.995546097162695,0.000371746093871823,0.000118273322272007,0.0038545510080796,0.000109332413081186,0.000227605735353193
2015,Kazakhstan,34.45713409,0,0,0,0,1,0,0,0,0,0
2015,Korea,1608.500805354,1.6459964,0.4252,4.7270046,0.9831828,0.995185627947758,0.001018384296409,0.000263072873569534,0.00292461590662842,0.000608298975635326,0.00087137184920486
2015,Kuwait,639.704659422,0.0306037,0,0,0,0.999952161930467,4.78380695330902e-05,0,0,0,0
2015,Latvia,2.3360545,0,0,0,0,1,0,0,0,0,0
2015,Liechtenstein,19.293,0,0,0,0,1,0,0,0,0,0
2015,Lithuania,10.521514303,0,0,0.0056254,0.0119196,0.998335240414198,0,0,0.000533766803873919,0.00113099278192761,0.00113099278192761
2015,Luxembourg,272.2508467926,2.9544514,0,0,0,0.989264554790903,0.0107354452090975,0,0,0,0
2015,Malta,8.11754467,0,0,0,0,1,0,0,0,0,0
2015,Montreal Protocol,45.8728653,0,0,0,0,1,0,0,0,0,0
2015,Netherlands,4394.22054097537,1.6049919,0.000860427,0.0111646,0,0.999632148161596,0.000365116289867153,1.9573675975656e-07,2.53981177715029e-06,0,1.9573675975656e-07
2015,New Zealand,381.2150139926,0.2111039,0.183904,1.5145317,2.31624,0.989036501402427,0.000547694752370012,0.000477126456403007,0.00392934978647023,0.00600932760233002,0.00648645405873303
2015,Nordic Development Fund,39.68386776,0,0,0,0,1,0,0,0,0,0
2015,Norway,3264.97003849976,6.48298968,8.9182134,29.336997452,28.26990656,0.978128045209518,0.00194219057082852,0.00267174109925725,0.00878885246470034,0.00846917065569591,0.0111409117549532
2015,OPEC Fund for International Development,397.59172101,0.202539,0.151905,2.1119879,0.4354597,0.992754212530161,0.000505723421355117,0.00037929443870538,0.00527346213148385,0.00108730747829442,0.0014666019169998
2015,OSCE,116.4421926,0,0,0,0,1,0,0,0,0,0
2015,Poland,126.392238011,0.6397831,0.3840076,0,0,0.991964977166867,0.00502121362965354,0.00301380920347934,0,0,0.00301380920347934
2015,Portugal,199.3239892209,0.0411062,0,1.55288013,0.0161409,0.991986790205468,0.000204575513238165,0,0.00772830496596859,8.03293153253254e-05,8.03293153253254e-05
2015,Romania,33.5665850487,0,0,0,0.0364107,0.998916444823185,0,0,0,0.00108355517681511,0.00108355517681511
2015,Russia,1031.27016129,0,0,0,0,1,0,0,0,0,0
2015,Saudi Arabia,842.110406893,0,0,58.526831,0,0.935016199044889,0,0,0.0649838009551114,0,0
2015,Slovak Republic,17.40555189,0.01137304,0,0.13979613,0.10797183,0.985330002530262,0.000643828911763209,0,0.00791387265380304,0.00611229590417182,0.00611229590417182
2015,Slovenia,25.9708928429,0,0,0,0.13845721,0.994697025788866,0,0,0,0.00530297421113404,0.00530297421113404
2015,Spain,750.328592496,0.96831388,0.48577433,2.160995234,6.824416433,0.98627768438022,0.00127281084696865,0.000638531419587755,0.00284054399187457,0.0089704293613487,0.00960896078093645
2015,Sweden,4912.31906361378,1.3361719,3.690709,89.9308464,23.75020376,0.976404831223193,0.000265586310988705,0.000733589583977041,0.0178752462459867,0.00472074663585462,0.00545433621983166
2015,Switzerland,2629.00614888814,2.6677698,1.2657729,23.30602256,18.49902937,0.982899828201984,0.000997392295644269,0.000473231287982683,0.00871336325325203,0.00691618496113685,0.00738941624911953
2015,Thailand,71.684296119,0,0,0,0,1,0,0,0,0,0
2015,Timor-Leste,4.0507928,0,0,0,0,1,0,0,0,0,0
2015,Turkey,3663.45973014,0,0,0,0,1,0,0,0,0,0
2015,UN Peacebuilding Fund,72.664152148356,0,0,0,0,1,0,0,0,0,0
2015,UNAIDS,244.38139829628,0,0,0,0,1,0,0,0,0,0
2015,UNDP,419.388101030843,0,0.06203959,5.6364081,0.597036586,0.985210883169333,0,0.000145741090663105,0.0132408396624858,0.00140253607751786,0.00154827716818097
2015,UNECE,13.821495199,0,0,0.113726,0,0.99183895265271,0,0,0.00816104734729012,0,0
2015,UNEP,126.76468,0,0,0,0,1,0,0,0,0,0
2015,UNFPA,315.69571851303,0,0,1.555942647536,0,0.995095557130121,0,0,0.00490444286987835,0,0
2015,UNHCR,466.5727712,0,0,0,0,1,0,0,0,0,0
2015,UNICEF,1416.56093760011,0.8733903,1.674937603,0.0567135,0.55907533,0.997771317253758,0.000615182705506498,0.00117976195312463,3.99468191583337e-05,0.000393791268452762,0.00157355322157739
2015,UNRWA,781.17371,0,0,0,0,1,0,0,0,0,0
2015,United Arab Emirates,4514.637852741,0.9896295,0.165428,2.30519565,0,0.999234135012365,0.00021903674440129,3.66145214474878e-05,0.000510213721785796,0,3.66145214474878e-05
2015,United Kingdom,10015.7170240381,10.48709938516,1.523821069,326.30731889,41.383992779,0.963474081923332,0.00100881928152579,0.000146585821259383,0.0313895294503491,0.00398098352353342,0.0041275693447928
2015,United States,27822.2844854384,28.15642115,5.34208985,287.834306804,84.91806570915,0.985608502949112,0.000997445343231272,0.00018924431537726,0.0101965724768203,0.00300823491545902,0.00319747923083628
2015,WFP,290.207712205,0,0,0,0,1,0,0,0,0,0
2015,World Health Organisation,657.860052440345,11.5294097638,3.003653641,0,0,0.978386061572726,0.0171468289786228,0.0044671094486514,0,0,0.0044671094486514
2016,Adaptation Fund,40.219317,0,0,0,0,1,0,0,0,0,0
2016,African Development Bank,163.29047224,0,0,0,0,1,0,0,0,0,0
2016,African Development Fund,2170.56670302,0,0,0,0,1,0,0,0,0,0
2016,Arab Fund (AFESD),568.75335545,0.45489,0,0,0,0.999200837297007,0.000799162702993483,0,0,0,0
2016,Asian Development Bank,2792.6502743532,0,0,0,0,1,0,0,0,0,0
2016,Australia,2344.2291596528,1.748483756,10.58152106,69.24826922,20.16477845,0.958403839593486,0.000714842035949009,0.00432610027517334,0.0283111430605535,0.00824407503483761,0.0125701753100109
2016,Austria,1016.0878245097,1.003429761,0.59626459,0.46512962,0.1737175,0.997801744562664,0.000985371482583235,0.000585533881788249,0.000456758889427415,0.000170591183537413,0.000756125065325661
2016,Azerbaijan,4.215568404,0,0,0,0,1,0,0,0,0,0
2016,Belgium,1454.470841002,4.53128148,11.35630182,20.0207267,35.911807237,0.952944674900083,0.00296881892377066,0.00744045672202805,0.0131172412389178,0.0235288082152005,0.0309692649372285
2016,Bulgaria,12.431942,0,0,0,0,1,0,0,0,0,0
2016,Canada,2461.10335578657,0.32200838,6.29865332,251.3017038,104.554584887,0.871625060709459,0.000114042578954085,0.00223073284164379,0.0890010825088083,0.0370290813611351,0.0392598142027789
2016,Caribbean Development Bank,34.39554067,0,0,0,0,1,0,0,0,0,0
2016,Center of Excellence in Finance,0.9007432,0,0,0,0,1,0,0,0,0,0
2016,Chinese Taipei,311.57113,0,0,0,0,1,0,0,0,0,0
2016,Climate Investment Funds,51.754881555,0,0,0,0,1,0,0,0,0,0
2016,Council of Europe Development Bank,101.8346891,0,0,0,0,1,0,0,0,0,0
2016,Croatia,3.533076,0,0,0,0,1,0,0,0,0,0
2016,Czech Republic,73.187992873,0.99485274,0.59951004,0.82391941,0.0867699,0.96690512198017,0.0131432516750555,0.00792027907310441,0.0108850081325536,0.00114633913911661,0.00906661821222102
2016,Denmark,1778.83465433011,3.609922,1.13674,3.4720718,3.3622753008,0.993531664552907,0.00201624799968653,0.000634902845868598,0.00193925459373305,0.00187793000780444,0.00251283285367304
2016,EU Institutions,18601.3273744804,9.35822649,22.98755989,280.40773629,66.1724219219,0.980035780438655,0.000493050663375309,0.0012111302996626,0.0147736561560131,0.00348638244229368,0.00469751274195627
2016,Estonia,19.54980432,0.0585981,0,0.0914132,0.01054767,0.991854083679855,0.0029729589017636,0,0.00463782420724727,0.000535133211134233,0.000535133211134233
2016,Finland,575.5073768257,3.824382002,7.386912556,25.365577842,21.15044357,0.908837407951961,0.00603943852967932,0.0116653630005443,0.0400571512119973,0.0334006393058186,0.0450660023063629
2016,France,7594.3895715829,1.767088,6.542754,3.03875766,14.240646,0.996641821942852,0.000231901956997746,0.000858631520758916,0.000398788203075281,0.00186885637631636,0.00272748789707528
2016,Germany,21877.1016372814,7.65755072,7.3942521899,71.77152369,23.37174354,0.994988239272602,0.00034827158708489,0.000336296557430102,0.00326422682356286,0.00106296575932008,0.00139926231675018
2016,Global Alliance for Vaccines and Immunization,1363.179431875,0,0,-0.00299344,0,1.00000219592997,0,0,-2.1959299732591e-06,0,0
2016,Global Environment Facility,866.2414318,0,0,0,0,1,0,0,0,0,0
2016,Global Fund,3595.97088529,27.95894,0,39.8401565,0,0.98149471805354,0.00763119413581203,0,0.0108740878106478,0,0
2016,Global Green Growth Institute,24.3891909,0,0,0,0,1,0,0,0,0,0
2016,Greece,163.2079254387,0,0,0,0,1,0,0,0,0,0
2016,Green Climate Fund,0,0,0,0,0,,,,,,
2016,Hungary,58.208923086,0,0,0,0,1,0,0,0,0,0
2016,IFAD,609.8645939,0,0,0,0,1,0,0,0,0,0
2016,IMF (Concessional Trust Funds),957.778768,0,0,0,0,1,0,0,0,0,0
2016,Iceland,53.65268933,0,0,0.2356384,0.3021684,0.990075625092824,0,0,0.00434833442813877,0.00557604047903741,0.00557604047903741
2016,Inter-American Development Bank,1664.8698603753,17.309,0,0.7205739,3.712167,0.987109218931282,0.0102625880119122,0,0.000427231675303995,0.00220096138150189,0.00220096138150189
2016,International Atomic Energy Agency,72.84660289,0,0,0,0,1,0,0,0,0,0
2016,International Development Association,12472.3579804186,4.45446,0,0,0,0.99964298092792,0.000357019072080445,0,0,0,0
2016,International Labour Organisation,243.1412931452,0.005314888,0.12734349,0.58316108,0.132882344,0.996521571295644,2.17832210749058e-05,0.000521920950191246,0.00239010243074187,0.00054462210234791,0.00106654305253916
2016,Ireland,428.564363882196,3.57590415,0.6707392,2.6736331,1.4756887,0.980785520807814,0.0081835899334846,0.00153501165994998,0.00611870900482364,0.00337716859392805,0.00491218025387803
2016,Islamic Development Bank,353.86575246,0,0,0,0,1,0,0,0,0,0
2016,Israel,273.37263116,0,0,0,0,1,0,0,0,0,0
2016,Italy,2520.576540407,3.34867458,0.88275087,23.18360136,7.80701565,0.986218772208376,0.00131022632317277,0.000345391407569278,0.00907098138148019,0.00305462867940179,0.00340002008697107
2016,Japan,12929.19052209,2.3415158,1.1466239,42.8829512,0.0768653,0.996420372201513,0.00018045476559151,8.83674357850258e-05,0.00330488178071153,5.92381639860005e-06,9.42912521836259e-05
2016,Kazakhstan,20.19623297,0,0,0,0,1,0,0,0,0,0
2016,Korea,1669.156854929,4.2667702,1.5315095,27.4626566,0.73933226,0.980036916094771,0.00250521231491509,0.000899217975181661,0.0161245584574965,0.000434095157636098,0.00133331313281776
2016,Kuwait,1378.72824711,0,0,0,0,1,0,0,0,0,0
2016,Latvia,3.53378934,0,0,0.0323712,0,0.990922674501917,0,0,0.00907732549808316,0,0
2016,Liechtenstein,19.2028,0,0,0,0,1,0,0,0,0,0
2016,Lithuania,14.684739221,0.01978784,0.0470223,0,0,0.995470974718314,0.00134140757121519,0.00318761771047027,0,0,0.00318761771047027
2016,Luxembourg,285.0545049219,0.1949011,0,1.64640052,0.2299898,0.992786118675545,0.000678800381167835,0,0.00573407384838219,0.000801007094904617,0.000801007094904617
2016,Malta,10.812251611,0,0,0,0,1,0,0,0,0,0
2016,Netherlands,3436.28840820579,2.1886511,0.0303134,2.25448259,0.0634089,0.998681462834742,0.000636083187011691,8.80992136259644e-06,0.000655215658132798,1.8428398750676e-05,2.72383201132724e-05
2016,New Zealand,376.914450721,0.515557,0.7831377,2.370343,1.580381,0.986263958683606,0.00134904694360851,0.00204921962190329,0.00620242568611001,0.00413534906477257,0.00618456868667586
2016,Nordic Development Fund,33.1999081,0,0,0,0,1,0,0,0,0,0
2016,Norway,3589.51970089659,6.14386687,11.29805372,28.323141618,29.76694235,0.979391285409265,0.00167633838858433,0.00308264511062298,0.0077278968741007,0.00812183421742692,0.0112044793280499
2016,OPEC Fund for International Development,477.045980847,1.489087,0.5396343,0.3880584,1.5343014,0.991785644003715,0.00309583387884411,0.00112190768445788,0.000806779148357375,0.00318983528462604,0.00431174296908392
2016,OSCE,114.48744,0,0,0,0,1,0,0,0,0,0
2016,Poland,184.671753689,0.71579865,0.2781162,0.0324633,0,0.994472867659811,0.00385463570856274,0.00149767904095625,0.000174817590669925,0,0.00149767904095625
2016,Portugal,176.0346828725,0,0,4.009003582,0.0745274,0.977328606060358,0,0,0.0222576245689316,0.000413769370710079,0.000413769370710079
2016,Romania,43.8346631972,0,0.0421367,0,0,0.999039658769584,0,0.000960341230416144,0,0,0.000960341230416144
2016,Russia,927.801846103,0,0,0,0,1,0,0,0,0,0
2016,Saudi Arabia,1394.84436452,0.9788452,0,0.569283,0,0.998891337351016,0.000700981425425262,0,0.000407681223558505,0,0
2016,Slovak Republic,25.916669219,0.010406688,0,0.27047101,0.368838294,0.975543680977306,0.000391723899105816,0,0.0101809488890498,0.0138836462345385,0.0138836462345385
2016,Slovenia,28.6924568119,0,0,0,0.17521353,0.993930458262658,0,0,0,0.00606954173734228,0.00606954173734228
2016,Spain,2906.58229533287,2.062344151,1.09469305,4.2231627881,10.465679391,0.993897651672758,0.000705212789574638,0.000374327213595336,0.00144409865306899,0.00357870967100336,0.00395303688459869
2016,Sweden,3419.7518477169,0.6859788,4.685242,108.4010062,71.64056685,0.948570228468286,0.000190276691413975,0.00129959168743086,0.030068254012634,0.0198716491402354,0.0211712408276663
2016,Switzerland,2722.66369697541,2.55866504,1.6842258,21.1273008956,17.18955149,0.984608931557984,0.000925301370877286,0.000609074035578684,0.00764035939680311,0.00621633363875668,0.00682540767433536
2016,Thailand,70.9947575862,0,0,0,0,1,0,0,0,0,0
2016,Turkey,6144.19362192,0,0,0,0,1,0,0,0,0,0
2016,UN Peacebuilding Fund,55.0290975351,0,0,0,0,1,0,0,0,0,0
2016,UNAIDS,188.850260821083,0,0,0,0,1,0,0,0,0,0
2016,UNDP,385.922085667,0,0.058199,4.133871741,0.410799699,0.98821363303927,0,0.000149027607813248,0.0105854227146174,0.00105191663829915,0.0012009442461124
2016,UNECE,14.225058483,0,0,0.000712724,0,0.999949899095829,0,0,5.01009041709664e-05,0,0
2016,UNEP,80.69297938,0,0,0,0,1,0,0,0,0,0
2016,UNFPA,261.295507545741,0,0,1.386738466368,0,0.994720851951661,0,0,0.0052791480483385,0,0
2016,UNHCR,512.2594268,0,0,0,0,1,0,0,0,0,0
2016,UNICEF,1468.15517085061,0.76381606,1.25955937,0.1382693,0.73669169,0.998029754590384,0.000519230644041754,0.000856229473485967,9.39933859078617e-05,0.0005007919061808,0.00135702137966677
2016,UNRWA,729.55871,0,0,0,0,1,0,0,0,0,0
2016,United Arab Emirates,4497.8445687368,0.1341959,0,2.77111133,0,0.999354483739362,2.98163425425132e-05,0,0.000615699918095258,0,0
2016,United Kingdom,10689.796080294,12.912647202,3.91560971,629.94822072,23.06479609,0.941033216743914,0.00113671297767573,0.000344694957063547,0.0554549587357465,0.00203041658560041,0.00237511154266396
2016,United States,29253.2011044385,28.59620928,6.93152597,425.1241700988,100.1957491696,0.981188477316423,0.000959152160486386,0.00023249193781229,0.014259189469229,0.00336068911604965,0.00359318105386194
2016,WFP,313.2850709797,0,0,0,0,1,0,0,0,0,0
2016,World Health Organisation,534.538140161882,6.93605184,2.736936208,0,0,0.9822256702471,0.0127451488594423,0.00502918089345734,0,0,0.00502918089345734
2016,World Tourism Organisation,13.2376425818,0,0,0,0,1,0,0,0,0,0
2017,Adaptation Fund,29.9093201,0,0,0.9411232,0,0.969494013721352,0,0,0.0305059862786477,0,0
2017,African Development Bank,119.85351,0,0,0,0,1,0,0,0,0,0
2017,African Development Fund,2561.08095,0,0,0,0,1,0,0,0,0,0
2017,Arab Fund (AFESD),768.71634844,0.2109773,0,0,0,0.99972562127403,0.000274378725969922,0,0,0,0
2017,Asian Development Bank,2516.0146958978,0,0,26.3378242,15.67108998,0.983577589348864,0,0,0.0102961614960227,0.00612624915511369,0.00612624915511369
2017,Asian Infrastructure Investment Bank,0,0,0,0,0,,,,,,
2017,Australia,2261.44270146412,0.086604306,6.1277197388,109.524762091,64.1542255866,0.926313579633966,3.54741442932146e-05,0.00250998621480289,0.0448626332055145,0.0262783268014236,0.0287883130162265
2017,Austria,571.9594006804,0.22131437,2.07686597,12.07908378,4.440090323,0.968148113005784,0.000374615907076054,0.00351548355954897,0.02044610536086,0.00751568216673076,0.0110311657262797
2017,Azerbaijan,5.35372,0,0,0,0,1,0,0,0,0,0
2017,Belgium,1312.297150441,8.44716388,6.8373415,1.7520088,3.519,0.984577804639911,0.00633765764530468,0.00512985544575868,0.00131448047222698,0.00264020179679848,0.00777005724255715
2017,Bulgaria,9.88,0,0,0,0,1,0,0,0,0,0
2017,Canada,2752.46101141344,0.26610702,8.496815,246.7678877863,165.479332489,0.867334498439263,8.38536123730033e-05,0.00267745146826686,0.0777596126871706,0.0521445837929263,0.0548220352611932
2017,Caribbean Development Bank,30.01498,0,0,0,0,1,0,0,0,0,0
2017,Center of Excellence in Finance,0.9018149,0,0,0,0,1,0,0,0,0,0
2017,Central Emergency Response Fund,400.163479,0.75,2.125504,15.169677,0,0.956851249804344,0.00179336315034701,0.00508240073268689,0.036272986312622,0,0.00508240073268689
2017,Chinese Taipei,300.627,0,0,0,0,1,0,0,0,0,0
2017,Climate Investment Funds,340.00573172,0,0,5.061008,0,0.98533324885468,0,0,0.0146667511453196,0,0
2017,Council of Europe Development Bank,89.64592134,0,0,0,0,1,0,0,0,0,0
2017,Croatia,14.09179048,0,0,0,0.00226487,0.999839303171177,0,0,0,0.000160696828822941,0.000160696828822941
2017,Czech Republic,77.531702672,0.61662779,0.83433298,1.26170312,0.29940498,0.962603329688512,0.00765580973171161,0.0103587523159992,0.0156648130059576,0.00371729525781983,0.014076047573819
2017,Denmark,1746.59051362196,4.9229,0,5.14708e-06,5.012338616,0.994343809806768,0.00280263467774521,0,2.93026161350603e-09,0.00285355258522478,0.00285355258522478
2017,Development Bank of Latin America,0,0,0,0,0,,,,,,
2017,EU Institutions,18257.3217951787,4.08672278,25.10518965,235.72759602,99.227493178,0.980444775565156,0.00021946296635316,0.00134818525455442,0.0126589152870918,0.00532866092684461,0.00667684618139903
2017,Estonia,20.01353119,0.03269077,0.0383271,0.1905084,0.0687633,0.983764624457889,0.00160691398069514,0.00188396764069799,0.00936443563121522,0.00338005828950294,0.00526402593020093
2017,Finland,513.1779257637,2.141907052,8.828897682,23.667174646,22.151873504,0.900363046804612,0.00375794410182602,0.0154901698179279,0.0415237063087189,0.0388651329669149,0.0543553027848428
2017,Food and Agriculture Organisation,447.14202899,0,0,0.3996539,0,0.999107001838534,0,0,0.000892998161465621,0,0
2017,France,8630.95218734972,2.49732208,0.394544,1.66327449,10.3653674,0.998274262356641,0.000288845576150095,4.56337970617563e-05,0.00019237786035184,0.00119888040979497,0.00124451420685672
2017,Germany,21932.9356133,8.6780653,5.9117114,67.40187501,21.46094301,0.995305374286229,0.00039380615453315,0.000268270432713128,0.00305866253461035,0.000973886591913888,0.00124215702462702
2017,Global Alliance for Vaccines and Immunization,1679.15352,0,0,0,0,1,0,0,0,0,0
2017,Global Environment Facility,424.027531093,0,0,0,0,1,0,0,0,0,0
2017,Global Fund,4218.220294,28.22325,0,5.14852,0,0.992150759174999,0.00663827798508187,0,0.00121096283991935,0,0
2017,Global Green Growth Institute,20.633213,0,0,0,0,1,0,0,0,0,0
2017,Greece,84.615252966,0,0,0.0563634,0,0.999334329466957,0,0,0.000665670533043383,0,0
2017,Green Climate Fund,0,0,0,0,0,,,,,,
2017,Hungary,39.382809876,0,0,0,0,1,0,0,0,0,0
2017,IFAD,684.4642054,0,0,0,0,1,0,0,0,0,0
2017,IMF (Concessional Trust Funds),1211.39508,0,0,0,0,1,0,0,0,0,0
2017,Iceland,53.21608032,0,0.430333,0,0.496146,0.982888156532752,0,0.00794814662263365,0,0.00916369684461381,0.0171118434672475
2017,Inter-American Development Bank,1325.570478,2.07125,0.080221,6.020996,1.476534,0.992773471963406,0.00155124309716575,6.00807592022854e-05,0.00450936800630662,0.00110583617391939,0.00116591693312167
2017,International Atomic Energy Agency,76.39485921,0,0,0,0,1,0,0,0,0,0
2017,International Development Association,13976.39515532,-0.109393,0,-0.218315,0,1.00002344779755,-7.82716600448124e-06,0,-1.5620631541948e-05,0,0
2017,International Labour Organisation,269.07352,0.01759,0.06898,0.19685,0.27875,0.997915075708264,6.52361710721604e-05,0.000255826667456374,0.00073005914016798,0.00103380231303949,0.00128962898049587
2017,Ireland,483.8084209331,2.34254689,0.13689289,3.672706472,2.67318579,0.982085409315333,0.00475514898411438,0.000277879640144997,0.0074552473309429,0.00542631472946417,0.00570419436960917
2017,Islamic Development Bank,338.98198,0,0,0,0,1,0,0,0,0,0
2017,Israel,388.132683,0,0,0,0,1,0,0,0,0,0
2017,Italy,3120.6241770449,8.92377142,7.12200499,43.953806256,27.28464134,0.972790923837661,0.00278180368774763,0.00222013976074468,0.0137017024057173,0.00850543030812901,0.0107255700688737
2017,Japan,14697.4829635018,2.16298685,1.5900211,32.7793362,0.1900624,0.99750767648287,0.000146800373394849,0.000107913596971562,0.00222471014735726,1.28993994061135e-05,0.000120812996377676
2017,Kazakhstan,23.52424907,0,0,0,0,1,0,0,0,0,0
2017,Korea,1671.8218352,8.096607,1.706721,17.499771,3.123762,0.98212549020133,0.00475641838826159,0.00100262729165837,0.0102803844344633,0.00183507968428662,0.00283770697594499
2017,Kuwait,848.5294204,0,0,0,0,1,0,0,0,0,0
2017,Latvia,4.52606988,0,0,0,0,1,0,0,0,0,0
2017,Liechtenstein,16.5,0,0,0,0,1,0,0,0,0,0
2017,Lithuania,15.2075800725,0.0225228,0.02696426,0,0.0066847,0.996319924444762,0.00147557430487332,0.00176655518878307,0,0.000437946061581449,0.00220450125036452
2017,Luxembourg,304.7351067841,0.112727,0,1.17595501,0.4273388,0.994400344278475,0.000367846582536674,0,0.00383733295169197,0.00139447618729606,0.00139447618729606
2017,Malta,15.102595514,0,0,0,0,1,0,0,0,0,0
2017,Netherlands,3627.314527221,0.6449128,0.4002935,9.2551902,1.0437366,0.996882331056852,0.000177239158768222,0.000110011280905554,0.00254357197637866,0.000286846527095763,0.000396857808001317
2017,New Zealand,368.54207423,0.859031,0.638056,1.6484334,1.421771,0.987758840113037,0.00230235710794746,0.00171010448618097,0.00441809708318792,0.00381060120964619,0.00552070569582716
2017,Nordic Development Fund,34.8456424,0,0,0,0,1,0,0,0,0,0
2017,Norway,3076.4215577927,4.837177945,11.44265094,25.04863916,32.755093882,0.976485179642053,0.00153536584172584,0.00363200518811347,0.00795067400564281,0.0103967753224646,0.014028780510578
2017,OPEC Fund for International Development,506.59962,0.525,0.05,0.86,0.49753,0.996199787958342,0.00103238310498166,9.8322200474444e-05,0.00169114184816044,0.000978364888041002,0.00107668708851545
2017,OSCE,108.9211519,0,0,0,0,1,0,0,0,0,0
2017,Poland,246.723065973,1.21605192,0.2664569,0.00230037,0,0.994017880419689,0.00489932851325289,0.00107352315000084,9.26791705738317e-06,0,0.00107352315000084
2017,Portugal,162.4637557881,0,0,3.99452271,0.0454943,0.975736183378266,0,0,0.0239905837740007,0.000273232847733521,0.000273232847733521
2017,Romania,38.9345936001,0,0,0,0,1,0,0,0,0,0
2017,Russia,733.7653022,0,0,0,0,1,0,0,0,0,0
2017,Saudi Arabia,1786.77681,0,0,0,0,1,0,0,0,0,0
2017,Slovak Republic,34.3727605,0.00085,0.00623,0.70782,0.35322,0.969861922589649,2.3983602777589e-05,0.000175785700358094,0.0199718514329801,0.00996645667423528,0.0101422423745934
2017,Slovenia,24.8554605829,0,0,0,0.0676361,0.99728620801578,0,0,0,0.00271379198422024,0.00271379198422024
2017,Spain,1054.5681763229,1.06422216,2.48084946,5.645153755,4.95076845,0.986768155247472,0.000995801467533699,0.00232135133607647,0.00528221700784954,0.00463247494106826,0.00695382627714473
2017,Sweden,3651.1946735634,0.546989,7.76660921,128.6894943,66.139683,0.947295020689266,0.000141915181850904,0.00201503093919997,0.0333882271597516,0.0171598060299314,0.0191748369691313
2017,Switzerland,2330.57942617527,2.898675273,0,25.8475406978,16.894905841,0.980792556545114,0.00121986794342617,0,0.0108775848772522,0.00710999063420772,0.00710999063420772
2017,Thailand,60.3439179,0,0,0,0,1,0,0,0,0,0
2017,Turkey,8400.4444555,0,0,0,0,1,0,0,0,0,0
2017,UN Peacebuilding Fund,58.36944143,0,0,0,0,1,0,0,0,0,0
2017,UNAIDS,165.218,0,0,0,0,1,0,0,0,0,0
2017,UNDP,347.232588,0.00356229,0.045452,3.3398963,1.22880312,0.986875913740708,1.01244477628332e-05,0.000129179937544752,0.00949237867288455,0.00349240320109999,0.00362158313864474
2017,UNECE,14.34293,0,0,0,0,1,0,0,0,0,0
2017,UNFPA,214.30372416,0,0,0.79542264,0,0.996302065108889,0,0,0.00369793489111134,0,0
2017,UNHCR,521.56575,0,0,0,0,1,0,0,0,0,0
2017,UNICEF,1522.09947,0.744,1.188,0.196,0.184,0.998483349118332,0.000488057204135311,0.000779317148538642,0.000128574209691561,0.000120702319302281,0.000900019467840924
2017,UNRWA,892.9038,0,0,0,0,1,0,0,0,0,0
2017,United Arab Emirates,4293.984,8.271,0.302,0.483,0.078,0.997877353119296,0.00192209462998691,7.01816682693805e-05,0.000112244191305003,1.81263911424228e-05,8.83080594118033e-05
2017,United Kingdom,10503.5935379559,24.8320404,4.955463,898.6742500074,16.4794072,0.917461824985692,0.00216901473016596,0.000432846921503575,0.078496879615535,0.00143943374710372,0.0018722806686073
2017,United States,30015.34054,81.60418,10.6206,485.87438,129.85833,0.9769569826355,0.00265610091469728,0.000345685544228664,0.0158145254954583,0.00422670541011576,0.00457239095434443
2017,WFP,286.003,0,0,0,0,1,0,0,0,0,0
2017,World Health Organisation,522.013363253,8.869651855,2.535361095,0,0,0.978619010032643,0.0166279458126964,0.00475304415466019,0,0,0.00475304415466019
2017,World Tourism Organisation,12.698452,0,0,0,0,1,0,0,0,0,0
2018,Adaptation Fund,47.273547,0,0,0,0,1,0,0,0,0,0
2018,African Development Bank,94.437477245,0,0,0,0,1,0,0,0,0,0
2018,African Development Fund,2026.43474459,0,0,0,0,1,0,0,0,0,0
2018,Arab Fund (AFESD),541.27712148,0.2795702,0,0,0,0.999483765588543,0.000516234411456954,0,0,0,0
2018,Asian Development Bank,2172.59738374925,0,0.201414,17.49844391,3.6544526,0.990266736243156,0,9.18042090566647e-05,0.00797576535335162,0.0016656941944357,0.00175749840349236
2018,Asian Infrastructure Investment Bank,0.2139205,0,0,0,0,1,0,0,0,0,0
2018,Australia,2342.93386019809,0.137625889,6.2395896899,141.432484615,89.62563742,0.907983966862094,5.33357354895955e-05,0.00241809958636571,0.0548109490436202,0.0347336487724306,0.0371517483587963
2018,Austria,430.0037380891,0.3394829,3.85030613,10.090188881,2.24724521,0.962987509138871,0.000760267326323802,0.00862270808627841,0.0225968404377953,0.00503267501073153,0.0136553830970099
2018,Azerbaijan,5.110373065,0.00959118,0,0,0,0.998126709574317,0.00187329042568343,0,0,0,0
2018,Belgium,1190.7663513257,7.5830124,12.2048863,12.5453694,46.1863725,0.938138732248298,0.00597423468645976,0.00961555266318139,0.00988380040416799,0.0363876799978925,0.0460032326610739
2018,Bulgaria,9.3514015,0,0,0,0,1,0,0,0,0,0
2018,Canada,3455.63829920038,4.26616753,2.2125312,4.6825735722,1.9961433,0.99620692116689,0.00122986992626713,0.000637838426332904,0.0013499133293488,0.000575457151161064,0.00121329557749397
2018,Caribbean Development Bank,35.411507,0,0,0,0,1,0,0,0,0,0
2018,Center of Excellence in Finance,1.1319696,0,0,0,0,1,0,0,0,0,0
2018,Central Emergency Response Fund,480.0464222,0,0,0,0,1,0,0,0,0,0
2018,Chinese Taipei,254.487741,0,0,0,0,1,0,0,0,0,0
2018,Climate Investment Funds,384.86515802,0,0,6.15339,0,0.984263176181389,0,0,0.0157368238186114,0,0
2018,Council of Europe Development Bank,40.69091548,0,0,0,0,1,0,0,0,0,0
2018,Croatia,15.405821122,0.044463765,0.00377797,0.530163,0,0.963814028894825,0.00278172777323013,0.000236356144726615,0.0331678871872187,0,0.000236356144726615
2018,Cyprus,3.183174212,0,0,0,0,1,0,0,0,0,0
2018,Czech Republic,88.9069138259,0.2866096,0.7532922,1.27049249,0.1784564,0.972768424191397,0.00313591774759036,0.00824209091077684,0.0139009996440149,0.0019525675062213,0.0101946584169981
2018,Denmark,1755.503210952,6.72199074,0,4.74863e-05,4.476207,0.993661495445572,0.00380482549357315,0,2.68785084395196e-08,0.002533652182346,0.002533652182346
2018,Development Bank of Latin America,0,0,0,0,0,,,,,,
2018,EU Institutions,17990.2759719653,6.44338936,19.697132738,210.803869256,62.930871646,0.983604549839548,0.000352287374621713,0.0010769256352755,0.0115255399776578,0.0034406971728968,0.0045176228081723
2018,Estonia,19.70313709,0.01957352,0.05872046,0.15115076,0.03914696,0.986551404596757,0.000980061376048758,0.00294017912106847,0.00756823615969001,0.00196011874643527,0.00490029786750374
2018,Finland,354.07388904596,2.421889949,5.8918630106,24.06344128,29.31049702,0.851627244599505,0.00582518939633637,0.0141712541266315,0.0578779820451779,0.0704983298323489,0.0846695839589804
2018,Food and Agriculture Organisation,380.565206635908,0,0,0.07179957,0.000959118,0.999808850680625,0,0,0.000188629554960187,2.51976441494434e-06,2.51976441494434e-06
2018,France,8824.78384667235,2.953775,11.488127,5.787617,12.84288653,0.996266319458303,0.000333463867091498,0.00129694213508417,0.000653388002154699,0.00144988653736697,0.00274682867245114
2018,Germany,20280.6548467697,8.02003806,8.14141934,176.74469087,29.2559948,0.989164311266101,0.000391167616819405,0.000397087841345632,0.00862050765792754,0.00142692561780647,0.0018240134591521
2018,Global Alliance for Vaccines and Immunization,1500.601944487,0,0,0,0,1,0,0,0,0,0
2018,Global Environment Facility,19.014716928,0,0,0,0,1,0,0,0,0,0
2018,Global Fund,3091.88694669159,49.15948,0,7.6695541,0,0.981951679844521,0.0156125481942138,0,0.00243577196126526,0,0
2018,Global Green Growth Institute,17.8114018,0,0,0,0,1,0,0,0,0,0
2018,Greece,36.719682895,0,0,0,0,1,0,0,0,0,0
2018,Green Climate Fund,0,0,0,0,0,,,,,,
2018,Hungary,121.656134726,0.00976173,0,0.0116979,0,0.999823635319932,8.0226191614534e-05,0,9.61384884531387e-05,0,0
2018,IFAD,617.5483678,0,0,0,0,1,0,0,0,0,0
2018,IMF (Concessional Trust Funds),1164.403588,0,0,0,0,1,0,0,0,0,0
2018,Iceland,56.65124012,0,0,2.192496,1.7932623,0.934268542245565,0,0,0.0361577264232928,0.0295737313311426,0.0295737313311426
2018,Inter-American Development Bank,1077.20992608391,0.1264149,0.2790966,6.32393849,0.4103651,0.993415579108019,0.000116581297712253,0.000257386145265135,0.00583200995940086,0.000378443489603032,0.000635829634868167
2018,International Atomic Energy Agency,72.8340787,0,0,0,0,1,0,0,0,0,0
2018,International Development Association,14256.9035098911,0,0,0,0,1,0,0,0,0,0
2018,International Labour Organisation,212.96930506246,0.0492317,0.03385914,3.213810091,0.986853944,0.980282188539792,0.000226609926756255,0.000155851153533796,0.0147929336043651,0.00454241677555236,0.00469826792908615
2018,Ireland,497.53372286864,2.17209502,0.9216195,1.799756,3.1589061,0.984073184313919,0.00429619212671571,0.00182287349460783,0.00355974185568058,0.00624800820907652,0.00807088170368435
2018,Islamic Development Bank,159.173483016,0,0,0,0,1,0,0,0,0,0
2018,Israel,315.75802171,0,0,0,0,1,0,0,0,0,0
2018,Italy,2009.9925103034,10.23522128,6.936398758,73.3960529128,15.965589557,0.949665974364063,0.00483585950687736,0.0032772569307233,0.03467760886999,0.00754330032834624,0.0108205572590695
2018,Japan,13048.3137046796,6.7659678,5.8000044,20.0900204,0.3598228,0.997476111633048,0.00051722325239299,0.000443380345330886,0.00153577817676424,2.75065924642965e-05,0.000470886937795182
2018,Kazakhstan,28.375704376,0,0,0,0,1,0,0,0,0,0
2018,Korea,1772.808800236,5.1098186,1.649259,57.4538677,5.8152771,0.961999774510808,0.00277280005623661,0.000894956515276047,0.0311768577439462,0.00315561117373353,0.00405056768900958
2018,Kuwait,1947.137267,0,0,0,0,1,0,0,0,0,0
2018,Latvia,4.541962036,0,0,0,0,1,0,0,0,0,0
2018,Liechtenstein,17.9451,0,0,0,0,1,0,0,0,0,0
2018,Lithuania,11.1833574002,0.02024337,0.02673179,0,0,0.995817117636705,0.00180256193585415,0.00238032042744101,0,0,0.00238032042744101
2018,Luxembourg,324.1591191597,0,0.27432,1.888573976,0.4853884,0.991896504291043,0,0.000839393473681879,0.00577885925204082,0.00148524298323451,0.00232463645691638
2018,Malta,19.677786989,0,0,0,0,1,0,0,0,0,0
2018,Netherlands,3530.3027709567,0.1207585,1.1748562,20.7536436,28.4572121,0.985895235686762,3.37238014818815e-05,0.000328097957978591,0.00579579703948062,0.00794714551429668,0.00827524347227527
2018,New Zealand,466.580736629,0.3509773,0.5756893,1.3387971,1.168636,0.992693635531121,0.000746736640786215,0.00122483218720575,0.00284841455315864,0.00248638108772801,0.00371121327493375
2018,Nordic Development Fund,22.0266586,0,0,0,0,1,0,0,0,0,0
2018,Norway,2939.9327005169,4.241630884,13.29877044,43.2628094,39.448002663,0.967024622119565,0.00139518891097392,0.00437433090122599,0.0142303263964206,0.0129755316718142,0.0173498625730402
2018,OPEC Fund for International Development,501.48432077,0.5850617,0.81525,0.1678456,0.5823304,0.995730065388981,0.00116167844271401,0.00161873243526725,0.000333268465914619,0.00115625526712316,0.00277498770239041
2018,OSCE,110.952172,0,0,0,0,1,0,0,0,0,0
2018,Poland,249.497140079,0.74546301,0.4976179,0.3332242,0.520627,0.991665415278843,0.00296295935557655,0.00197786019229493,0.00132445171343178,0.0020693134598533,0.00404717365214823
2018,Portugal,160.6317120361,0,0,4.2879569,0.03297184,0.973805034465225,0,0,0.0259950788288397,0.000199886705934915,0.000199886705934915
2018,Romania,56.8183561096,0,0,0,0,1,0,0,0,0,0
2018,Russia,617.94265766,0,0,0,0,1,0,0,0,0,0
2018,Saudi Arabia,4767.47148347,0.5501962,0,0.422012,0.200797,0.999754017058141,0.00011537790273677,0,8.84972660475475e-05,4.21077730741055e-05,4.21077730741055e-05
2018,Slovak Republic,29.2000418171,0,0.01088141,0.7558557,0.22812664,0.967051933718117,0,0.000360372380559993,0.0250325571749286,0.00755513672639414,0.00791550910695413
2018,Slovenia,27.217854657,0,0,0,0.1766788,0.99355058189703,0,0,0,0.00644941810297025,0.00644941810297025
2018,Spain,966.50953162989,1.90022987,3.42583089,5.10091455,3.733410204,0.98556049771034,0.00193768549109189,0.00349335778543856,0.00520145918705852,0.00380699982607115,0.00730035761150972
2018,Sweden,3626.5020796636,0.94065446,5.432047,104.74821482,125.73643232,0.938691350624227,0.000243480959373946,0.00140604235791787,0.0271132460660228,0.0325458799924584,0.0339519223503763
2018,Switzerland,2247.5172539119,3.95698083,2.5354475,38.6896725263,14.98128151,0.97392906911793,0.00171470036529048,0.00109869947346317,0.0167656095553578,0.00649192148795842,0.00759062096142158
2018,Turkey,9634.2218735506,0,0,0,0,1,0,0,0,0,0
2018,UN Peacebuilding Fund,120.426208591903,0,0,0,0,1,0,0,0,0,0
2018,UNAIDS,181.7053516717,0,0,0,0,1,0,0,0,0,0
2018,UNDP,289.983508431058,0,0.00819566,0.93408007055,1.123093405,0.992928001803126,0,2.80626313933729e-05,0.00319836897964781,0.00384556658583238,0.00387362921722576
2018,UNFPA,202.91507752604,0,0,0,0,1,0,0,0,0,0
2018,UNHCR,459.9712404,0,0,0,0,1,0,0,0,0,0
2018,UNICEF,1435.46945316619,0.138045488,2.1029782696,0.134529239,0.0596075,0.998306451990305,9.60046213693935e-05,0.00146252974614433,9.35592234156008e-05,4.14544187657631e-05,0.00150398416491009
2018,UNRWA,728.23504,0,0,0,0,1,0,0,0,0,0
2018,United Arab Emirates,3987.3474965867,1.1366983,0.355362294,3.610212,0,0.99872201958973,0.000284711985301512,8.90085823353827e-05,0.000904259842633126,0,8.90085823353827e-05
2018,United Kingdom,10298.8610596519,31.57628522,7.6501857,1313.015288277,192.7861793302,0.869550623214661,0.00266604028667059,0.000645918388898795,0.110860148088087,0.0162772700216829,0.0169231884105817
2018,United States,29360.7479859484,40.141104927,16.12932497,426.55318075535,150.452447419,0.978886592304456,0.00133830341897733,0.00053775128493357,0.0142212722150697,0.0050160807765638,0.00555383206149737
2018,WFP,178.077981961,0,0,0,0,1,0,0,0,0,0
2018,World Health Organisation,488.82729095332,7.607843869,2.6935920714,0,0,0.979361163993686,0.0152422480596272,0.00539658794668725,0,0,0.00539658794668725
2018,World Tourism Organisation,9.3539184,0,0,0,0,1,0,0,0,0,0
