Year,RecipientName,None,Principal,Significant,SP.POP.TOTL,per.cap
2014,Afghanistan,4617.29654831418,4.657676829475,66.2715921213688,33370794,2.12548940102665
2014,Albania,316.15603307142,0.681440187,2.71320016,2889104,1.17498032158067
2014,Algeria,215.78133428942,0.33953057,0.0352372,38923687,0.00962827005571184
2014,Angola,265.891297837342,0.3715271,1.43207362,26941779,0.0669443810670409
2014,Antigua and Barbuda,2.0833979116,0,0.214181,92562,2.31391931894298
2014,Argentina,70.720468978018,0.2574736,0.163572203,42669500,0.00986760573711902
2014,Armenia,278.299389194483,1.93598146,1.48311884,2912403,1.17397911621434
2014,Azerbaijan,221.27307179651,0.0400137,0.1183733,9535079,0.0166109793112359
2014,Bangladesh,2801.20192196865,8.08562914,88.80012368,154520167,0.627010407126987
2014,Belarus,106.6227332861,0.18873689,0.7657178,9474511,0.100739203321417
2014,Belize,33.168294417201,0,0.0139992,353366,0.0396167146810955
2014,Benin,559.24563108054,0.23648467,12.61697538,10286842,1.24950495497063
2014,Bhutan,133.7684078476,0.05954384,0.5270307,719056,0.815756408402127
2014,Bolivia,635.76584117833,1.0475444,6.76579935,10706517,0.729774561605796
2014,Bosnia and Herzegovina,623.642306731175,2.923864151,3.53958803,3482104,1.85619159594314
2014,Botswana,111.2956874277,0.089911413,0.38235779,2088614,0.226116076498578
2014,Brazil,975.085171238668,0.35298312,0.546955479,202763735,0.00443836073053202
2014,Burkina Faso,1072.38619679462,1.401351686,12.26340262,17586017,0.777023831263213
2014,Burundi,468.044167732822,1.97122723,6.65487256,9844297,0.87625350901136
2014,Cabo Verde,233.007643783868,0.00261678,0,518269,0.00504907683075777
2014,Cambodia,744.09941496414,3.332866753,26.7555586275,15274503,1.96984644151761
2014,Cameroon,768.750753099386,0.233267185,4.61726979,22681858,0.213850954141411
2014,Central African Republic,537.8511560364,0,18.50823361,4464175,4.14594714812927
2014,Chad,388.90886837103,0.2635611,16.7702022,13663559,1.24665640189353
2014,Chile,236.032964575895,0.05944666,0.122027772,17758959,0.0102187539258354
2014,China (People's Republic of),1226.16417238067,1.88046655,3.58491814,1364270000,0.00400608727744508
2014,Colombia,1156.28298687131,2.08553339,16.885381142,46969209,0.403901086177542
2014,Comoros,66.99010680901,0.01103519,1.30195,759390,1.72899984197843
2014,Congo,112.50097651951,0.14580941,0.964781,4736974,0.234451447274146
2014,Costa Rica,73.592113105942,0.11961227,0.190468536,4795396,0.0646621897336529
2014,Cuba,91.83193341408,0.63248211,2.55928907,11306902,0.282285207743023
2014,Côte d'Ivoire,1093.94716834182,0.03180218,9.4196422,22647683,0.417325003180237
2014,Democratic People's Republic of Korea,73.1333091098,0.3774826,5.254353,25057752,0.22475422376277
2014,Democratic Republic of the Congo,2213.88337864025,3.10106947,50.818026503,73767447,0.730933469515354
2014,Djibouti,162.5222498241,0.12265,2.199322,898696,2.5837124010789
2014,Dominica,16.961021457467,0.0270774,0.0188363,71085,0.645898572131955
2014,Dominican Republic,207.46150960461,0.23374671,4.6245679617,10165178,0.47793699940129
2014,Ecuador,211.153998015932,0.30190052,1.624315322,15951838,0.120751968644616
2014,Egypt,4085.74747118909,0.684583379,4.349991495,90424654,0.0556770156289456
2014,El Salvador,148.028841248041,0.14436251,0.36800669,6295128,0.0813913871171484
2014,Equatorial Guinea,8.497623261,0,0,1122276,0
2014,Eritrea,71.97064589651,0.47423765,1.57848353,,
2014,Eswatini,88.9341939508623,0.169258,2.492805,1095021,2.43106113946673
2014,Ethiopia,3275.69230753197,2.79244403,41.149952936,98094253,0.447960972453707
2014,Fiji,78.1586482387352,0.83214653,6.4863776,866453,8.44653331455947
2014,Gabon,114.94710889573,0,0,1883800,0
2014,Georgia,622.47008704843,1.08617794,3.53962321,3719414,1.24369084753674
2014,Ghana,1056.06312209192,0.118103982,12.99543489,27224472,0.48168202755227
2014,Grenada,36.666772185371,0,0,108902,0
2014,Guatemala,306.116046618021,0.09655499,1.40606938,15923243,0.0943667298175378
2014,Guinea,530.26516294683,0.0153544,3.28211585,11150977,0.295711330944365
2014,Guinea-Bissau,100.4687930313,0.0169172,3.21664,1692439,1.91059010103171
2014,Guyana,141.163155086512,0.08047139,0.0275769,763380,0.141539325106762
2014,Haiti,965.565526151633,2.86124451,21.829282878,10549008,2.34055442824576
2014,Honduras,594.774110614111,15.51625897,15.642682697,8955589,3.47927329704389
2014,India,4597.17074843234,2.657089591,23.482138139,1295604184,0.0201753190154872
2014,Indonesia,1899.16811173237,2.39741887,27.12427442,255129004,0.115712807352942
2014,Iraq,1237.23005496723,1.656053435,28.88446414,34411951,0.887497415505445
2014,Jamaica,110.421702483845,0.015734,5.9322235,2875136,2.06875692141172
2014,Jordan,2759.47064085352,6.61671425,21.694192038,8920049,3.17385098310559
2014,Kazakhstan,90.28754976252,0.47811919,0.41271909,17288285,0.0515284355851376
2014,Kenya,2682.22996271453,3.16435943,40.036180284,46699981,0.925065466600511
2014,Kiribati,65.94895725013,0.3975908,6.99345221,109391,67.5653665292392
2014,Kosovo,505.91116601102,0.90791236,2.209243407,1821800,1.71103072071578
2014,Kyrgyzstan,356.60859955194,5.41931794,2.021006108,5835500,1.27501054716819
2014,Lao People's Democratic Republic,445.04644690802,1.3372397,4.97027071,6639756,0.949961174778109
2014,Lebanon,808.68841225031,4.393439185,55.97026728,6262410,9.63905372931507
2014,Lesotho,125.302515837435,0.470513547,2.7275454,2043437,1.56503917028027
2014,Liberia,697.170780340915,0.50504306,6.67068399,4359505,1.64599582980178
2014,Libya,174.7891486942,0.00696544,2.22308249,6362037,0.35052420003216
2014,Madagascar,552.421694518923,1.796220947,19.91523618,23589887,0.920371391647616
2014,Malawi,917.191952838253,2.410860917,11.58523349,16289540,0.859207467307242
2014,Malaysia,142.578039528699,0.3311238,0.1321797,29866559,0.0155124498942111
2014,Maldives,31.05257456681,0.00373952,0.1583443,435015,0.372593634702252
2014,Mali,1143.42336114517,1.35365244,29.300441226,16934220,1.81018633666032
2014,Marshall Islands,57.429932431842,1.1128606,0.4639424,57179,27.5766102939891
2014,Mauritania,284.918681761563,0,0.9819152,3930896,0.249794245383241
2014,Mauritius,101.38916321754,0.09836033,0.0556983,1260934,0.122178186962997
2014,Mexico,836.44100518733,0.3753349,1.16049889,120355128,0.0127608504558277
2014,Micronesia,123.120671306278,0.00912295,0.00902409,107446,0.168894514453772
2014,Moldova,507.49510744702,2.590082477,0.73387862,2856950,1.16346491783195
2014,Mongolia,335.900995973376,0.60596144,1.23234403,2940108,0.625251000983637
2014,Montenegro,128.65047354894,0.22609716,0.35342817,621810,0.931997442948811
2014,Morocco,2450.0584807976,0.34557046,29.39789276,34192347,0.869886563212523
2014,Mozambique,2000.47638175635,1.68915365,17.88000072,26286163,0.744465990338719
2014,Myanmar,1858.98249287304,18.26629758,39.282067375,52280807,1.1007551003373
2014,Namibia,266.0071050085,0.20199204,0.3893157,2273430,0.260094984230876
2014,Nauru,20.012369109048,0,0.07211781,11853,6.08435079726652
2014,Nepal,904.600225478244,1.97840259,31.03610675,26906926,1.22698926439981
2014,Nicaragua,418.639890081951,0.330813827,2.031119298,6142733,0.384508511927834
2014,Niger,821.70600962122,0.9547505,35.55194677,19240157,1.89742200492439
2014,Nigeria,2331.93453996576,22.47925273,29.7259663,176404902,0.295939729781432
2014,North Macedonia,261.51748615271,0.11257638,1.188852159,2077775,0.626356818712325
2014,Pakistan,3991.88467908481,0.06317069,28.36965437,195306825,0.145580294288231
2014,Palau,23.1969129904,0,0,17626,0
2014,Panama,37.71375991102,0,0.4524192,3901315,0.115965821780605
2014,Papua New Guinea,554.13744188353,1.3008465,0.9236706,7946731,0.279928576920497
2014,Paraguay,127.065177733858,0.56486469,0.47501718,6599526,0.157569175422599
2014,Peru,479.918616630121,1.08172544,7.000061862,30090359,0.268583944179596
2014,Philippines,1421.79003982552,1.12911418,15.872526336,100513138,0.169148440236738
2014,Rwanda,935.457102847609,4.28520412,10.97062906,11083635,1.37642868788083
2014,Samoa,90.2265744418029,1.7725394,0.488479197,192221,11.7625992841573
2014,Sao Tome and Principe,38.4506097081,0,0,195727,0
2014,Senegal,1096.95665694322,0.19324095,4.99388384,14174731,0.365941673954871
2014,Serbia,616.67218268312,3.313147885,8.256802303,7130576,1.62258283033517
2014,Seychelles,15.28041746931,0,0.0100642,91359,0.110161013145941
2014,Sierra Leone,794.744996228,1.03098772,12.37137229,7017144,1.90994513009851
2014,Solomon Islands,184.336047339241,0.0803483,0.61153811,587079,1.17852352068461
2014,Somalia,887.788508877506,0.68854991,40.5400742,13423576,3.07135923467785
2014,South Africa,1186.6327988368,1.347396339,12.67221569,54545991,0.257023692703649
2014,South Sudan,1769.28842201112,0.842202,61.015130402,10554883,5.86054174186488
2014,Sri Lanka,876.52873013051,1.86336199,7.52717181,20778000,0.451945990951969
2014,Sudan,838.216048476473,2.02895928,26.3051207704,37977655,0.746072395739021
2014,Suriname,12.75420936581,0,0,553273,0
2014,Syrian Arab Republic,1678.61517955435,0.7056197,65.3291361,18715672,3.52831337287809
2014,Tajikistan,332.17637122429,1.39241327,5.07155969,8252833,0.783242913069972
2014,Tanzania,2353.72689846949,1.99866827,142.77833948,49959822,2.89786876642595
2014,Thailand,561.01379664567,0.915422701,24.36494508,68438730,0.369386862979485
2014,Timor-Leste,225.82686079434,0.032715,1.0316203,1174331,0.906333308070723
2014,Togo,214.876566630388,0.363555526,1.14521519,7137997,0.211371721786938
2014,Tonga,74.340172634623,0.003798,1.03709931,101028,10.3030576671814
2014,Tunisia,978.80851073845,0.480258866,0.4000529,11063201,0.079571162631864
2014,Turkey,3856.8662639957,1.29064181,4.28029965,77231907,0.0721326415000992
2014,Turkmenistan,25.24770730324,0.00550376,0.0269829,5466328,0.00594304988650516
2014,Tuvalu,31.56931131283,0,0.14826509,10972,13.5130413780532
2014,Uganda,1559.92840796832,1.66910015,39.3440514523,36912148,1.11110173274934
2014,Ukraine,1248.53213649454,0.1646003,10.15553092,45271947,0.227958634515984
2014,Uruguay,84.860603962058,0.01155036,4.236689412,3400434,1.24932281349969
2014,Uzbekistan,345.69342923482,0.93856804,0.4251711,30757700,0.0443381377671282
2014,Vanuatu,92.53601084649,0,1.05175811,263888,3.98562310525678
2014,Venezuela,38.772444061991,0.00159799,0.000766212,30045134,7.86883493347043e-05
2014,Viet Nam,4548.67952616638,7.959584002,15.06440999,91714595,0.251039586360273
2014,West Bank and Gaza Strip,2183.59948487218,8.340298735,15.8664833783,4173398,5.80025727555819
2014,Yemen,1165.79441281062,0.2964903,7.5212233,25823485,0.302736582610751
2014,Zambia,925.49200817329,1.2611777,32.08731518,15399753,2.16552128336084
2014,Zimbabwe,655.47658301204,2.65107136,31.548824862,13586681,2.51716340598561
2015,Afghanistan,4311.6593350303,2.46890939,86.34439403,34413603,2.58076155001846
2015,Albania,422.894297779,0.930031938,2.955032119,2880703,1.34865137329326
2015,Algeria,197.07215193165,0.13146115,0.338428969,39728025,0.0118276737643011
2015,Angola,471.831562782324,0.3448798,2.4052803,27884381,0.0986272601855497
2015,Antigua and Barbuda,2.693836712,0.199116,0,93566,2.12808071307954
2015,Argentina,153.0549091957,0.05504492,0.27202008,43131966,0.00758289107433684
2015,Armenia,419.86866290615,1.47342476,2.556427,2925553,1.37746667382201
2015,Azerbaijan,163.8508746689,0.16842596,2.4363136,9649341,0.2699396321469
2015,Bangladesh,3201.39808673483,10.867677723,51.168621509,156256276,0.397016368366542
2015,Belarus,111.1374520809,0.898874048,0.948552,9489616,0.194678693848097
2015,Belize,35.1725618324,0,0.102827,360933,0.284892209911535
2015,Benin,472.54546106527,0.3851554,11.2816781,10575952,1.10314735732537
2015,Bhutan,110.101573101727,0.1581044,0.2841665,727876,0.60761846798081
2015,Bolivia,848.118645828737,0.94895736,7.163893992,10869730,0.746371009399497
2015,Bosnia and Herzegovina,512.4016070577,2.715305411,4.862276327,3429361,2.20961915003991
2015,Botswana,82.076914314647,0.2095162,1.04507898,2120716,0.591590377966687
2015,Brazil,1207.33476404024,0.20812544,0.5256891,204471769,0.00358883059303898
2015,Burkina Faso,1072.94230476256,6.48015734,15.98004974,18110624,1.2401674884311
2015,Burundi,401.530705449,1.08737339,4.4155869,10160030,0.541628350506839
2015,Cabo Verde,182.538010532127,0,0,524743,0
2015,Cambodia,747.452488058201,7.109801347,29.75505922,15521436,2.37509342350798
2015,Cameroon,744.35804574411,0.6709108208,1.5539103,23298368,0.0954925735914207
2015,Central African Republic,503.5153788365,0.00126574,11.2311548,4493170,2.49988772737288
2015,Chad,1206.10445002956,0.0790791,-8.825326,14110975,-0.619818751007638
2015,Chile,85.6285181577,0.00420084,0.11208985,17969353,0.00647161252828636
2015,China (People's Republic of),1566.91246397793,2.64518836,1.12075939,1371220000,0.00274642125260717
2015,Colombia,1432.81091555475,1.27171734,15.102388997,47520667,0.34456810837693
2015,Comoros,69.919134272,0.005652897,1.71219,777424,2.20966023302599
2015,Congo,134.3543499128,0.14421209,0.1476763,4856095,0.0601076358679145
2015,Costa Rica,143.888639209927,0.04321334,0.114702243,4847804,0.0325746632908426
2015,Cuba,619.71679459508,0.5272037,0.12245271,11324781,0.0573659137426145
2015,Côte d'Ivoire,1003.69697578172,0.0688775,4.7346043,23226143,0.206813580713767
2015,Democratic People's Republic of Korea,135.816041322,3.0771069,4.42997519,25183833,0.298091322714854
2015,Democratic Republic of the Congo,2699.21884609808,5.61210679,43.87847403,76244544,0.649103243636686
2015,Djibouti,200.242194358455,0.37290764,1.5816496,913993,2.1384816295092
2015,Dominica,21.82389737176,0,0,71183,0
2015,Dominican Republic,353.88603975932,0.09440384,2.98385699,10281680,0.299392786976447
2015,Ecuador,398.4452213193,0.23660595,0.1126753,16212020,0.021544585437225
2015,Egypt,3654.07794257858,1.1376954,10.66587214,92442547,0.127685442721521
2015,El Salvador,153.54746456591,0.10010204,0.538380702,6325124,0.100943909083838
2015,Equatorial Guinea,11.153467768568,0.0312841,0,1168568,0.0267713132654668
2015,Eritrea,99.0160507247,0.1604435,0.0239343,,
2015,Eswatini,105.650788913777,0.0532761,2.4967394,1104044,2.30970459510672
2015,Ethiopia,3316.10909834054,5.275279137,34.982458961,100835458,0.39924188273137
2015,Fiji,101.457246362154,0.41282098,6.6944737,868627,8.182217085124
2015,Gabon,119.61314007575,0,0,1947686,0
2015,Georgia,567.907712902835,1.62900801,2.428900165,3725276,1.08929061229289
2015,Ghana,1891.41644745347,1.551505388,15.162082379,27849205,0.600145956302882
2015,Grenada,37.256422125,0,0,109599,0
2015,Guatemala,459.208400778907,0.124654,6.22409194,16252429,0.390633667127541
2015,Guinea,612.575163531627,0.044773781,5.27463926,11432088,0.465305466595429
2015,Guinea-Bissau,98.895470358559,0.023136247,2.9791609,1737202,1.72823721536125
2015,Guyana,62.1434101756,0.000285694,0.0855137,767432,0.111800646832553
2015,Haiti,1053.9883017693,2.3906029,19.96689124,10695542,2.09035635033736
2015,Honduras,591.00560311241,14.4082266,6.29960644,9112916,2.27236079428363
2015,India,5426.04770448962,2.5396497,27.778454298,1310152403,0.0231408986684124
2015,Indonesia,2094.65237059621,0.78969491,30.73752674,258383256,0.122017278279054
2015,Iraq,1501.7023539337,3.761226,35.166220269,35572261,1.09432027019593
2015,Jamaica,95.06011341081,0.0440421,10.759264544,2891021,3.73684820829735
2015,Jordan,2399.38841075965,7.99041315,47.550595925,9266575,5.99369336297392
2015,Kazakhstan,129.684054487,0.06014503,0.416056,17542806,0.0271450889897546
2015,Kenya,2734.5180752641,2.176258513,48.8938799,47878336,1.06666485679452
2015,Kiribati,60.31602187765,0.7566773,7.3560545,110930,73.1337942846841
2015,Kosovo,449.665514726267,1.032981015,1.38191682,1801800,1.34026963869464
2015,Kyrgyzstan,870.920423844133,6.291706709,5.11095422,5956900,1.91419378015411
2015,Lao People's Democratic Republic,552.16083578282,1.53670114,4.66168395,6741164,0.919482909776413
2015,Lebanon,1101.9531513694,9.49813976,61.994009846,6532678,10.9437736876056
2015,Lesotho,107.90963984432,0.482874261,1.387355576,2059021,0.908310229473133
2015,Liberia,1159.26799666463,0.019609481,4.02176116,4472230,0.903658944419227
2015,Libya,152.891264277,1.163097,4.3622701,6418315,0.860875027168346
2015,Madagascar,732.398958748797,1.84661784,11.16343012,24234088,0.536849084644737
2015,Malawi,1092.30478459697,4.53729617,13.16418681,16745303,1.05710138419114
2015,Malaysia,130.63726951636,0.24958119,0.0974717,30270962,0.0114648781231333
2015,Maldives,40.26681650548,0.00816036,0.0285922,454915,0.0807899497708363
2015,Mali,1272.8607339783,1.77636482,39.966598499,17438778,2.39368626167499
2015,Marshall Islands,60.707743499,0,1.1028352,57439,19.2001114225526
2015,Mauritania,406.821642979244,0.10929768,1.36321562,4046301,0.36391590739295
2015,Mauritius,123.731793226654,0.15401648,0.0363369,1262605,0.150762415799082
2015,Mexico,507.569254164708,0.22845279,1.32279077,121858258,0.0127299009969435
2015,Micronesia,87.95733870486,0.023292,0,108895,0.213894118187245
2015,Moldova,376.378130216,3.01491712,0.887916854,2834530,1.37688928111539
2015,Mongolia,305.0913108326,0.68308854,0.59481491,2998439,0.42618957731006
2015,Montenegro,141.310442113,0.377327774,0.81324373,622159,1.9136129253133
2015,Morocco,2109.59855795088,0.919375059,1.276403185,34663603,0.0633453551842259
2015,Mozambique,1958.92472249867,0.405617471,32.832142871,27042002,1.22911611137371
2015,Myanmar,1202.38651789421,2.506279551,38.32371709,52680726,0.77504620268521
2015,Namibia,185.87866449811,0.30807706416,0.445914,2314904,0.325711590700954
2015,Nauru,33.12546296852,0.04558014,0.0614857,12475,8.58243206412826
2015,Nepal,1335.0781509883,2.706012127,37.41643668513,27015031,1.48518981200244
2015,Nicaragua,520.329099342077,0.26152475,6.42309717,6223240,1.07413853876759
2015,Niger,911.82862634275,1.8900817,10.37835682,20001663,0.613370924207652
2015,Nigeria,2462.43876419173,0.4153191,46.10559916,181137448,0.256826618535555
2015,North Macedonia,288.126122158877,0.034661324,0.866095825556,2079328,0.433196277622386
2015,Pakistan,4342.74754617041,0.26358353,52.016344087,199426964,0.262150747162756
2015,Palau,14.5095138,0,0,17665,0
2015,Panama,32.013095398,0.0886609,0.41457531,3968487,0.126808078242413
2015,Papua New Guinea,661.0578301753,0.466054,1.7739727,8107775,0.276281310223828
2015,Paraguay,133.087202621106,0.34575028,0.4593301,6688746,0.120363425371512
2015,Peru,530.61871863546,0.42788709,8.13269215,30470734,0.280944306756772
2015,Philippines,1248.58161710414,4.093230681,7.5388434,102113212,0.113913506912308
2015,Rwanda,1097.39868691216,3.907078422,17.60866556,11369071,1.89248039545184
2015,Samoa,100.175125442,1.46641737,5.241364,193513,34.6632080015296
2015,Sao Tome and Principe,55.181794161018,0.041612548,0,199432,0.208655321111958
2015,Senegal,985.096288854337,0.31801842,20.993434209,14578459,1.46184535889561
2015,Serbia,746.4746047153,1.40087726,5.372092392,7095383,0.954560120574182
2015,Seychelles,11.6002813338,0.00396761,0.00948256,93419,0.143976814138451
2015,Sierra Leone,980.733380744387,0.767267352,8.479796949,7171914,1.28934400231235
2015,Solomon Islands,207.5518791957,0.14663167,0.2570415,603118,0.669310433447518
2015,Somalia,1199.0034501214,0.323337904,31.109599,13797201,2.27821113166359
2015,South Africa,1562.10902035687,0.95255912,10.3557528,55386367,0.204171396907113
2015,South Sudan,1645.2960447661,0.1171003,49.8674768,10715658,4.66462975022159
2015,Sri Lanka,861.01054409221,0.98654212,8.06474665,20970000,0.43163036576061
2015,Sudan,1099.17764812745,2.033470256,28.09950148,38902950,0.774567783060154
2015,Suriname,17.927786971,0,0,559143,0
2015,Syrian Arab Republic,4565.3871907182,1.96018651,88.9555526,17997408,5.0516018256629
2015,Tajikistan,484.409267458606,1.250636833,5.16296747,8454028,0.758644790743537
2015,Tanzania,2642.49136499178,3.251543059,44.106456661,51482633,0.919883016084278
2015,Thailand,340.056575370395,1.12007719,2.70592834,68714511,0.0556797316072001
2015,Timor-Leste,220.83591639596,0.00699283,1.560772,1196302,1.31050924432125
2015,Togo,233.283245662467,0.46084081,0.09647684,7323158,0.0761034583713748
2015,Tonga,73.663080572487,0.22640444,0.7986079,100781,10.1706903086891
2015,Tunisia,945.6355816372,0.42318334,0.67419324,11179949,0.0981557769181237
2015,Turkey,3301.39980557308,0.06609175,7.62379565,78529409,0.0979236632227807
2015,Turkmenistan,27.0985266685,0.20303447,0.05343662,5565287,0.046084072573436
2015,Tuvalu,52.8281448214,0,0.0968797,11099,8.72868726912335
2015,Uganda,1678.40853773545,2.018227026,39.84195375,38225453,1.09508658474237
2015,Ukraine,1482.23973274989,0.60386623,25.15919993,45154029,0.570559631788339
2015,Uruguay,48.39948888896,0.19823891,3.77713407,3412009,1.16511210257652
2015,Uzbekistan,520.5886412784,0.55793374,2.01088249,31298900,0.0820736904491851
2015,Vanuatu,198.80027928676,0.2249503,1.42624159,271130,6.09003758344706
2015,Venezuela,41.34570204116,0.004603098,0.152052537,30081829,0.00520764994043414
2015,Viet Nam,4045.77897919242,7.362068539,13.02493307,92677076,0.219978904049584
2015,West Bank and Gaza Strip,1868.29747761108,14.11084104,32.36073762,4270092,10.8830392085229
2015,Yemen,1869.59759934133,0.2439902,62.3566303,26497889,2.36247576174842
2015,Zambia,863.395858095925,1.912128888,28.847633569,15879361,1.93709069634477
2015,Zimbabwe,787.997857169106,0.76967147,24.59202,13814629,1.83585758763409
2016,Afghanistan,4129.79112380435,2.526707445,112.1606304418,35383128,3.2413001441478
2016,Albania,306.0635146928,0.09225205,3.3831690319,2876101,1.20837935868733
2016,Algeria,219.0941293664,0.22392406,0.283938247,40551404,0.0125239142644728
2016,Angola,283.8587254723,0.29709609,5.2989185,28842484,0.194019855918096
2016,Antigua and Barbuda,7.0607595259,0.0721784,0,94527,0.763574428470173
2016,Argentina,76.2606775278,0.05139962,0.3551166,43590368,0.00932582675145115
2016,Armenia,418.822860860931,1.085878164,5.730854492,2936146,2.32165997739894
2016,Azerbaijan,189.0825371463,0.07504032,3.33821028,9757812,0.34979671672297
2016,Bangladesh,3164.27233616994,8.49775373,154.5328016366,157970840,1.03202942623208
2016,Belarus,117.11668058695,0.823094636,1.03963505,9501534,0.196045152919518
2016,Belize,46.8409966279,0,0.0575179,368400,0.156128935939197
2016,Benin,538.417078500587,0.21735191,10.20909031,10872067,0.959011954212571
2016,Bhutan,63.0630845178,0.11133539,0.1473729,736709,0.351167543765585
2016,Bolivia,759.82469294711,0.975783777,7.14608209,11031813,0.736222220862518
2016,Bosnia and Herzegovina,567.8092048629,2.352105765,3.017604279,3386267,1.58573143936967
2016,Botswana,100.88016307645,0.0106449,1.8527098,2159944,0.862686578911305
2016,Brazil,896.051569886285,0.28334214,2.706048807,206163058,0.0145001290531886
2016,Burkina Faso,1107.28558353196,5.07585817,10.4646058,18646378,0.833430705416355
2016,Burundi,793.237323338046,1.27055164,5.57436753,10487998,0.652643065912103
2016,Cabo Verde,139.5740196252,0.0214336,0.5741,531146,1.12122391960026
2016,Cambodia,780.03304673838,5.878881841,35.83375933,15766293,2.64568476375518
2016,Cameroon,863.141763658581,0.33749959,3.23276541,23926539,0.149217778634846
2016,Central African Republic,525.9098086104,0.07954159,16.2626498,4537687,3.60143645650306
2016,Chad,652.62328696654,0.28250433,4.522272,14561666,0.329960619203874
2016,Chile,229.50286242037,0.00819641,0.70627379,18209068,0.0392370548564045
2016,China (People's Republic of),1511.11204626098,2.7359588,4.0729006,1378665000,0.00493873377506501
2016,Colombia,1179.72456262948,1.3530245,12.107787453,48171392,0.279435810221137
2016,Comoros,56.79230855698,0,2.22631,795592,2.79830616698006
2016,Congo,120.928576247253,0.360646,1.14607,4980999,0.302492732883504
2016,Costa Rica,128.0242516539,0.02411014,0.21264553,4899345,0.0483239433026251
2016,Cuba,2853.282634798,0.37573083,0.467270541,11335109,0.0743708217538976
2016,Côte d'Ivoire,999.9238533553,0.0134757,5.74830573,23822714,0.241860832061368
2016,Democratic People's Republic of Korea,133.318646759,0.7505742,1.24861861,25307744,0.0789952992254071
2016,Democratic Republic of the Congo,2222.31989449428,11.094163081,52.180652701,78789127,0.803090707960249
2016,Djibouti,212.1274582302,0.4297758,0.1926858,929112,0.669953245679746
2016,Dominica,17.073049197,0,0,71307,0
2016,Dominican Republic,251.1557882515,0.44522548,4.696944825,10397743,0.49454677856531
2016,Ecuador,313.00681977,0.1725531,1.17495479,16491115,0.0817111450620531
2016,Egypt,3916.77136472337,1.12459058,18.91301513,94447072,0.212156981531413
2016,El Salvador,202.788959828818,0.158962988,1.25640767,6356143,0.222677598348558
2016,Equatorial Guinea,11.9104971407,0,0,1215179,0
2016,Eritrea,69.33933411,0.1878608,0.32213232,,
2016,Eswatini,161.28282061926,0,1.32433277,1113984,1.18882566535965
2016,Ethiopia,4247.20055794622,4.304904849,43.634868279,103603501,0.462723485840503
2016,Fiji,118.4723142361,0.76918029,4.60943264,872399,6.16531303910252
2016,Gabon,60.67039116314,0.039377,0,2007873,0.0196113001170891
2016,Georgia,566.0821044859,1.255061125,7.08786363,3727505,2.23820618751685
2016,Ghana,1445.7959308449,2.05994326,13.09679826,28481946,0.532152596595752
2016,Grenada,23.8287120749,0,0,110261,0
2016,Guatemala,303.44852250498,0.05189621,14.275409789,16583060,0.863972391042425
2016,Guinea,620.6131310384,0.07084218,1.57048112,11738441,0.139824641108645
2016,Guinea-Bissau,203.84145677129,0.1321957,1.8260673,1782437,1.09864359862368
2016,Guyana,89.55540165322,0,0.40570473,771366,0.525956199780649
2016,Haiti,1093.21346798671,1.40803806,14.61745978,10839970,1.47837105084239
2016,Honduras,454.02892530592,17.5532468,17.85053204,9270795,3.81885036180824
2016,India,5274.18430358607,2.945807777,22.84285334,1324509589,0.0194703468598293
2016,Indonesia,2123.05897653523,1.627482507,15.43465518,261554226,0.0652336532578143
2016,Iraq,2180.365749222,6.29527456,140.47267052,36610632,4.00888859498519
2016,Jamaica,78.78028967813,0.0046052,6.38385705,2906238,2.1981896355357
2016,Jordan,3003.35913304863,13.38803602,32.91341987,9551467,4.84757533999751
2016,Kazakhstan,131.727942691164,0.005723438,0.2366488,17794055,0.0136209671151404
2016,Kenya,2585.39092817785,3.618379208,39.22533789,49051686,0.873440254387994
2016,Kiribati,62.42918252923,0.98012947,0.167367,112524,10.197793093029
2016,Kosovo,379.00999315803,1.137364378,4.64509,1816200,3.18382027199648
2016,Kyrgyzstan,656.5785657806,2.764239558,4.26951142,6079500,1.15696208207912
2016,Lao People's Democratic Republic,482.4310049417,1.847153457,3.6741009,6845846,0.80651162135403
2016,Lebanon,1278.476705746,9.338002465,54.8529716206,6711121,9.56486615061776
2016,Lesotho,132.915713706209,0.22312659,6.50736774,2075001,3.24361016211559
2016,Liberia,832.21936968054,0.34223651,7.95983849,4586788,1.80999754076273
2016,Libya,180.8213290974,0.0515091,4.305816,6492164,0.671166825114091
2016,Madagascar,672.01569216445,0.89421646,12.73013407,24894380,0.547286195920525
2016,Malawi,1287.84426948436,5.073855455,16.427152982,17205289,1.24967435519392
2016,Malaysia,89.0164304076,0.341229,0.0136638,30684804,0.0115657509169685
2016,Maldives,42.8225731858,0.07141841,0,475513,0.150192339641608
2016,Mali,1262.115416093,0.750505511,37.314886388,17965429,2.11881341096837
2016,Marshall Islands,15.0694162071,0.0103842,0.167367,57735,3.07874253052741
2016,Mauritania,393.797821624042,0,0,4163534,0
2016,Mauritius,84.644797970647,0.06886146,0.0111156,1263473,0.0632993819416798
2016,Mexico,880.2869139815,0.232186,0.3754271501,123333376,0.00492659140458459
2016,Micronesia,53.0405886889,0.1465389,0.167367,110215,2.84812321371864
2016,Moldova,338.545200403,3.145086975,1.4542319,2802170,1.64134184399947
2016,Mongolia,367.91254568827,0.406661646,17.60676408,3056359,5.89375322925088
2016,Montenegro,123.9216243606,0.2344607,1.051382308,622303,2.06626516021938
2016,Morocco,2799.67921698872,1.46394169,7.481075051,35126296,0.254653002440109
2016,Mozambique,1768.38984579859,0.907923984,53.2653742633,27829942,1.94658322490575
2016,Myanmar,1523.45483386372,27.471655639,60.46058076,53045226,1.65768426359424
2016,Namibia,210.13296246646,0.08499889,0.1200427,2358041,0.0869542090235072
2016,Nauru,23.7110189706,0.0155684,0,13049,1.19307226607403
2016,Nepal,1212.95486643895,3.852948001,35.2076984905,27261131,1.43283294047852
2016,Nicaragua,509.56293320993,0.19247194,3.17118685,6303974,0.533577516341279
2016,Niger,993.99038892512,5.82378023,20.64477491275,20788838,1.27320993808071
2016,Nigeria,2639.62805558939,5.85699913,53.52508421,185960289,0.31932668882871
2016,North Macedonia,243.22933669739,0.18812739,0.60448129,2080745,0.380925428151936
2016,Pakistan,3572.3224254681,0.46177199,81.31236097,203627284,0.401587308702698
2016,Palau,17.612238579,0.0103842,0,17725,0.585850493653032
2016,Panama,46.1634845498,0.0456736,0.099522605,4037078,0.0359656674951537
2016,Papua New Guinea,595.4772874503,0.4908524,1.96817585,8271760,0.297279931961275
2016,Paraguay,157.92937154264,0.29567793,1.9492707,6777872,0.331217324552603
2016,Peru,470.70980485226,0.67067319,10.869313313,30926032,0.37314798429362
2016,Philippines,965.487208844735,0.654576462,10.961093601,103663927,0.112051225524188
2016,Rwanda,1179.92439664374,2.5489014999,18.1525241,11668818,1.77408076806923
2016,Samoa,100.5022279009,0.94028761,0.1222479,194535,5.46192464081014
2016,Sao Tome and Principe,49.952487705,0.0102709,0.751463,203227,3.74819241537788
2016,Senegal,853.944067965647,0.32781053,5.85126699,14993528,0.412116315786385
2016,Serbia,945.022866064,1.01339672,5.6896196138,7058322,0.949661454067978
2016,Seychelles,23.1140661377,0.02006731,0,94677,0.211955490773894
2016,Sierra Leone,692.18227873588,0.517290777,37.691815631818,7328838,5.21352858513423
2016,Solomon Islands,191.4903056362,0.20633133,0.167367,619437,0.603287065512716
2016,Somalia,1167.17368019922,0.613450954,32.5048419,14185613,2.33463952907781
2016,South Africa,1318.02991109952,1.56956689,17.08099495,56203654,0.331838955524137
2016,South Sudan,1554.9954655709,0.9438498,70.7934364,10832512,6.62240542175259
2016,Sri Lanka,859.21158880712,1.24649036,4.67859049,21203000,0.279445401594114
2016,Sudan,803.33352331961,1.09038579,50.84795676,39847440,1.30342984517951
2016,Suriname,18.9495136019,0,0.40570473,564888,0.71820383863704
2016,Syrian Arab Republic,8404.1203104189,1.02283208,95.17585632,17453933,5.51157658276791
2016,Tajikistan,418.60321849985,1.693381692,5.6598957,8663579,0.848757469863205
2016,Tanzania,2462.9730593862,2.559794512,17.25462689,53050790,0.37349908270923
2016,Thailand,570.13753733446,0.762279195,0.54218109,68971331,0.018913079769332
2016,Timor-Leste,223.5679584341,0.04621382,6.62623492,1219288,5.47241401539259
2016,Togo,203.320290736205,0.47218884,1.51582957,7509952,0.264717858383116
2016,Tonga,83.980426017,0.03223103,3.8961675,101133,38.8438840932238
2016,Tunisia,1085.599232152,0.59113647,0.28254959,11303946,0.0772903603750407
2016,Turkey,4814.1654098335,1.40393838,65.81011273,79821724,0.842052109899305
2016,Turkmenistan,36.3385519361,0.0612846,0.06635715,5662372,0.0225420989648861
2016,Tuvalu,25.4131074302,0.0259527,0.247963,11225,24.402289532294
2016,Uganda,1772.25878825655,2.902248042,73.578287922,39647506,1.92901253269247
2016,Ukraine,1583.62464679269,0.64329416,21.318342244,45004645,0.487985993534668
2016,Uruguay,25.3492160218,0.0182297,0.08780303,3424132,0.0309663091259332
2016,Uzbekistan,573.99392032948,1.3605908,3.03531431,31847900,0.138028099497926
2016,Vanuatu,134.9017648673,0.03501906,0.8878494,278330,3.31573477526677
2016,Venezuela,47.871761601,0.0182297,0.1668529,29846179,0.00620121590773814
2016,Viet Nam,3767.30702474383,4.432571052,7.45454821,93638724,0.126946617320415
2016,West Bank and Gaza Strip,2417.23605522441,13.137608741,65.38719741,4367088,17.9810450696208
2016,Yemen,2421.8742617968,0.9033817,17.82136287,27168210,0.689215247158352
2016,Zambia,1033.88515098831,2.764258221,34.26585712,16363507,2.26296938309129
2016,Zimbabwe,755.07329857286,0.548265027,7.1937862134,14030390,0.551805847193129
2017,Afghanistan,3746.52372355741,7.2284388,115.929922157,36296400,3.39312882150847
2017,Albania,279.2470214121,0.97430325,3.2127826,2873457,1.45715973825256
2017,Algeria,264.327493587,0.1551409,1.55586077,41389198,0.0413393289234549
2017,Angola,295.3818238848,0.458078425,0.8033447,29816748,0.0423058586067133
2017,Antigua and Barbuda,10.9945449117533,0.000652855,0,95426,0.00684147926141722
2017,Argentina,188.4126131714,0.01493881,0.755518768,44044811,0.0174925844953677
2017,Armenia,364.945936657,0.382290172,1.26673581,2944809,0.559977228404287
2017,Azerbaijan,247.234336429,0.159859,3.054123533,9854033,0.326159099832525
2017,Bangladesh,4377.84114130078,5.065068967,183.2297420678,159670593,1.17927044358632
2017,Belarus,127.8456791678,1.18396244,0.7573717,9498264,0.204388311379848
2017,Belize,41.2149248814,0.004741035,0.18997852,375769,0.518189512705944
2017,Benin,734.05693119384,0.30317559,7.1390283,11175204,0.66595687112289
2017,Bhutan,131.6889740554,0.208737631,0.28027134,745568,0.655887821097472
2017,Bolivia,1002.3523373911,0.83209942,6.58517476,11192854,0.662679436361807
2017,Bosnia and Herzegovina,595.8927047337,1.73965615,3.92661996,3351527,1.69065506857024
2017,Botswana,107.760550413,0.076317291,4.14789297,2205128,1.91563041283771
2017,Brazil,868.1329323668,0.4098676,2.49967879,207833831,0.0139993877608886
2017,Burkina Faso,987.405006480613,3.7308287,17.72745816,19193284,1.11801017793516
2017,Burundi,458.3940345575,2.0755557,5.10463139,10827024,0.663172732414743
2017,Cabo Verde,146.0398735394,0.0389712,0.71040567,537497,1.39419730714776
2017,Cambodia,911.308154068,6.8888986688,17.5755720776,16009414,1.52813030798004
2017,Cameroon,1317.2798704531,0.10383845,7.298213,24566045,0.301312297115795
2017,Central African Republic,520.899149516,0.572167,13.3605151,4596028,3.03146153591754
2017,Chad,668.0455189204,0.1294031,6.0402889,15016773,0.410853383746295
2017,Chile,105.7934261854,0.0488944,1.26140654,18470439,0.0709404329805047
2017,China (People's Republic of),1300.4901889814,1.46722825,2.4390196,1386395000,0.00281755765853166
2017,Colombia,895.52273882774,0.93065082,22.865695121,48901066,0.486622233163588
2017,Comoros,69.456003581,0.019,1.89168,813892,2.34758420036074
2017,Congo,144.20278384418,0.398557,0,5110702,0.0779847856517559
2017,Costa Rica,126.598315559,0.00837712,0.24454188,4949954,0.0510952222990355
2017,Cuba,741.5283346527,0.6837951,2.68849094,11339259,0.297399154565567
2017,Côte d'Ivoire,1361.2564062644,0.670301,3.91012096,24437469,0.187434384469194
2017,Democratic People's Republic of Korea,130.06222422633,0.82270002,4.031448,25429985,0.190882850304473
2017,Democratic Republic of the Congo,2399.80533215873,7.82942032,54.25789941,81398764,0.762755067509379
2017,Djibouti,171.310831242,0.04090656,1.6620544,944097,1.80379871983493
2017,Dominica,29.017274424,0,0,71458,0
2017,Dominican Republic,180.155833302,0.08225036,5.02152867,10513131,0.485467082070984
2017,Ecuador,256.594086551,0.4812653,4.57297807,16785361,0.301110197749098
2017,Egypt,1628.34842566688,0.58019024,26.8628423,96442593,0.284553034985279
2017,El Salvador,215.995311313,0.65054684,0.59222305,6388122,0.194543856551268
2017,Equatorial Guinea,11.749192893,0.00845336,0,1262001,0.00669837821047686
2017,Eritrea,80.818699393,0.29899703,0.983894,,
2017,Eswatini,156.482333095,0.000337191,0.7992497,1124753,0.710899985152296
2017,Ethiopia,4218.4280512285,5.825622709,57.40900579,106400024,0.594310284168733
2017,Fiji,138.63979667,0.773908971,7.581313368,877459,9.52206580478404
2017,Gabon,142.419863180634,0,0,2064823,0
2017,Georgia,561.585518661,0.878441047,9.60789534,3728004,2.81285545482247
2017,Ghana,1384.12594667861,2.780941651,16.3306423,29121471,0.65627124230778
2017,Grenada,20.0205385778,0,0,110874,0
2017,Guatemala,422.393153424,0.26154425,12.75385548,16914936,0.769461955398472
2017,Guinea,511.945998809,0.1325385,1.26511424,12067539,0.11581920224165
2017,Guinea-Bissau,116.70276772,0.041916,3.502511552,1828146,1.93880989373934
2017,Guyana,70.244232243,0.0472625,0.30886602,775221,0.459389670816451
2017,Haiti,989.6150348208,3.40096658,16.433508642,10982366,1.80602934030791
2017,Honduras,525.2206138137,2.05639792,3.0947452637,9429013,0.546307782553699
2017,India,6205.18569355036,4.22338748,10.653207304,1338658835,0.0111130591268238
2017,Indonesia,2451.97285696178,0.37415273,17.93831993,264645886,0.0691961357751845
2017,Iraq,2809.7593014305,5.4421244,123.08418184,37552781,3.42255094875663
2017,Jamaica,89.9417462006,0.01909452,3.9271236,2920853,1.3510498885086
2017,Jordan,3168.579914298,15.30151971,62.5881695,9779173,7.96485441151312
2017,Kazakhstan,111.209609513,0.1298343,0.3353284,18037776,0.0257882512788716
2017,Kenya,2870.04242332585,5.655857289,66.19405086,50221473,1.43066110683372
2017,Kiribati,76.1888168088,0.604604551,0.7045055,114158,11.467527908688
2017,Kosovo,392.7862113621,0.518544992,6.912821186,1830700,4.05930309608347
2017,Kyrgyzstan,534.481999745,0.282833393,15.0334164,6198200,2.47108028024265
2017,Lao People's Democratic Republic,554.83239671557,1.395290351,6.78865796,6953035,1.17703252047487
2017,Lebanon,1327.3735798327,8.81030251,115.04554857,6811873,18.1823488312245
2017,Lesotho,170.693356579,0.387238681,4.140513,2091412,2.1649257444253
2017,Liberia,633.226939958,0.71408609,3.830547876,4702228,0.966485241889589
2017,Libya,415.442695497,0.03943281,16.7440896,6580724,2.55040667409847
2017,Madagascar,814.530607087,0.73863049,10.8030362,25570540,0.451365778352745
2017,Malawi,1538.393388238,4.112782239,28.5200537,17670260,1.84676603168261
2017,Malaysia,94.350036443,0.4917187,0.56307167,31105028,0.0339106066710501
2017,Maldives,64.803186967,0.0683722,0,496402,0.137735544981688
2017,Mali,1388.4965010953,4.238964,38.0371986,18512394,2.28366804423026
2017,Marshall Islands,74.606723687,0.0547168,0.3733158,58058,7.37249991387922
2017,Mauritania,395.812704401,0.01113516,0.67058101,4282574,0.159183745569837
2017,Mauritius,55.2397224199,0.106085981,0.00957928,1264613,0.0914629700944083
2017,Mexico,912.837434877,0.2030668,0.631372785,124777324,0.00668742972080408
2017,Micronesia,99.964832378,0.05642574,0.08807571,111459,1.2964538529863
2017,Moldova,311.334051309,2.409482567,5.1022061,2755158,2.72640939902539
2017,Mongolia,834.59842679052,1.023298311,5.01321906,3113779,1.93864669618493
2017,Montenegro,172.7978104441,0.0405821,0.10927744,622373,0.240787341353176
2017,Morocco,3361.87592883909,0.5463195,1.833464487,35581294,0.0668830084425822
2017,Mozambique,1902.39643511391,0.89618871,42.44760882708,28649007,1.51292495188681
2017,Myanmar,1527.4043466036,28.605919246,30.35189294,53382581,1.10443914628257
2017,Namibia,220.773137034,0.0830638,0.5242589,2402603,0.252776967314201
2017,Nauru,25.48362508642,0.054831751,0.22373321,12876,21.6344331314073
2017,Nepal,1386.96598150937,3.659789304,45.355921059,27627124,1.77418794525988
2017,Nicaragua,635.55747049082,0.294954763,2.3171805,6384855,0.409114265398353
2017,Niger,1233.71616908995,4.2447861,19.93306157,21602472,1.11921671140229
2017,Nigeria,3254.59157928781,2.535914029,207.19280838,190873311,1.09878495484893
2017,North Macedonia,228.0657126232,0.006338626,1.75685122,2081996,0.846874751920753
2017,Pakistan,3364.3452086063,0.277349199,96.87263345,207896686,0.467299332751269
2017,Palau,22.0252499794,0.0547168,0.06874083,17808,6.93270608715184
2017,Panama,65.6705901244,0.00349835,0.13472,4106771,0.0336562106823098
2017,Papua New Guinea,571.186834257,1.16769301,2.3472131,8438029,0.416555348411341
2017,Paraguay,201.6457400132,0.251919,2.434024298,6867062,0.391134272269567
2017,Peru,567.6170947714,0.476214254,9.503150544,31444297,0.317366446386129
2017,Philippines,810.18956577435,0.980068201,11.11617121,105173264,0.115012494154408
2017,Rwanda,1232.9874601333,2.86207937,19.80291653,11980937,1.89175486858833
2017,Samoa,141.406384426,0.402440391,0.196728,195352,3.06712186719358
2017,Sao Tome and Principe,44.342973383,0,0.824383,207089,3.98081501190309
2017,Senegal,1028.4180303151,0.77361461,13.13177146,15419381,0.901812210879282
2017,Serbia,2048.9701606132,0.64328191,5.56093127,7020858,0.883683045576481
2017,Seychelles,21.701020467,0,0,95843,0
2017,Sierra Leone,529.107901474,3.975438817,49.64518476,7488431,7.16046172783057
2017,Solomon Islands,193.8269165871,0.270535651,0.54172735,636038,1.27706678060116
2017,Somalia,1699.15512092228,1.246576607,64.52956,14589119,4.50857495966686
2017,South Africa,1094.67256653917,1.239228051,30.54524594,57000451,0.557617938689643
2017,South Sudan,2107.444623109,0.9906976,79.3163074,10910759,7.36034999948216
2017,Sri Lanka,787.68928605606,1.1581448,9.44258001,21444000,0.494344563047939
2017,Sudan,829.063194045,1.04720808,78.50049184,40813396,1.9490585865484
2017,Suriname,23.4920042654,0.0140512,0.6051741,570496,1.08541567337895
2017,Syrian Arab Republic,10331.3293236164,3.55888157,108.10242283,17068002,6.54214268313304
2017,Tajikistan,386.740235033,1.655548292,7.94852097,8880268,1.0815066912395
2017,Tanzania,2730.9288451545,2.463174617,28.8816928,54663906,0.573410678281936
2017,Thailand,552.9444688826,1.003693378,1.921572721,69209858,0.042266610328835
2017,Timor-Leste,212.089736457,0.024142041,19.89754112,1243261,16.0237336818255
2017,Togo,382.6449689071,1.2957705,1.02699782,7698475,0.301717979210168
2017,Tonga,86.7342442851,0.093178349,4.7249331,101998,47.237312976725
2017,Tunisia,1321.772594722,0.8546188,0.56858767,11433443,0.124477506032085
2017,Turkey,4609.8499042128,0.8571824,45.6193649,81101892,0.573063662929097
2017,Turkmenistan,32.1826571979,0.0160382,0.046,5757669,0.0107748812931066
2017,Tuvalu,26.7252195508,0.0547168,0.15330721,11370,18.2958671943712
2017,Uganda,1973.5642401618,2.795110659,94.277827536,41162465,2.35828777977704
2017,Ukraine,1189.69489257259,1.790952778,13.62452605,44831135,0.34385653693577
2017,Uruguay,46.0286733454,0.04281879,0.0791141,3436646,0.0354802007538746
2017,Uzbekistan,697.3716028254,0.36952278,2.50182149,32388600,0.0886529294257856
2017,Vanuatu,129.8347878948,0.2872008,4.8707185,285510,18.0656344786522
2017,Venezuela,88.6161001472,0.04360892,0.411414212,29390409,0.0154820278955628
2017,Viet Nam,3353.5168652063,6.389074992,25.732699401,94596642,0.339565694023261
2017,West Bank and Gaza Strip,2126.6195797023,14.56226495,48.22763537,4454805,14.0948706666173
2017,Yemen,3264.0463534469,0.036,52.22964576,27834821,1.87770727032877
2017,Zambia,1086.1596341,3.589018389,48.148898186,16853688,3.06982759945479
2017,Zimbabwe,718.42593740017,0.51015082,10.7320584,14236745,0.78966148652659
2018,Afghanistan,3590.02546631918,6.87976572,117.21599599,37172386,3.33838569603791
2018,Albania,437.247467978,0.40463413,3.823508357,2866376,1.47508299225224
2018,Algeria,243.25718370472,0,1.1908378,42228429,0.028199907697253
2018,Angola,231.726116006177,0.308025064,1.548133,30809762,0.0602457774259989
2018,Antigua and Barbuda,16.4593641711,0.0895456,0.0442816,96286,1.38989261159462
2018,Argentina,177.97119015938,0.31737579,0.33447415,44494502,0.0146501232893898
2018,Armenia,266.9180875321,0.11436223,2.59685361,2951776,0.91850324685884
2018,Azerbaijan,217.1990642285,1.1653939,1.54093895,9939800,0.272272364635103
2018,Bangladesh,4697.25681191422,6.521747585,233.5604544583,161356039,1.48790341862135
2018,Belarus,112.4493296669,1.253313,1.53126291,9483499,0.293623261836164
2018,Belize,36.5812169094,0.00415475,0.10115984,383071,0.27492185521744
2018,Benin,587.87373226418,1.555504815,11.969235484,11485048,1.17759545271382
2018,Bhutan,111.18380163039,0.22724805,0.64467905,754394,1.15579803126748
2018,Bolivia,766.753261472824,1.248038836,3.98084953,11353142,0.460567512147738
2018,Bosnia and Herzegovina,492.49064881118,2.851972327,2.7523041,3323929,1.68603975205247
2018,Botswana,84.7807957726,0.07322433,4.5630015,2254126,2.05677314843979
2018,Brazil,655.09063904278,0.7338795,1.63641147,209469333,0.0113156944553788
2018,Burkina Faso,1149.75317473137,2.374685911,18.77743161,19751535,1.07091005944601
2018,Burundi,450.905090033931,1.8859593,5.77190582,11175378,0.685244393522975
2018,Cabo Verde,103.20136818757,0.0267657,0.67573673,543767,1.29191810095133
2018,Cambodia,830.994758862776,3.2629914149,11.28794984,16249798,0.895453669941005
2018,Cameroon,1205.1440924356,1.5839506,1.03295581,25216237,0.103778625256417
2018,Central African Republic,624.347916812226,0.4762831,21.80841803,4666377,4.77558952694992
2018,Chad,838.898409605726,5.2018277,15.5155044,15477751,1.33852341338222
2018,China (People's Republic of),1370.40996721891,2.47637772,2.118358802,1392730000,0.00329908634265077
2018,Colombia,1775.4039820319,3.84565479,21.89326377,49648685,0.518420952337408
2018,Comoros,87.50923276524,0,0.9826697,832322,1.18063646040835
2018,Congo,150.5774835353,0.13751469,0.00755532,5244363,0.0276620840319406
2018,Costa Rica,116.79121253033,0.00572985,0.19001989,4999441,0.0391543254535857
2018,Cuba,740.14396341596,0.916662872,0.12777577,11338138,0.0921172984488282
2018,Côte d'Ivoire,1210.81535323559,0.3311584,3.1610492,25069229,0.139302552942494
2018,Democratic People's Republic of Korea,117.5256966046,1.1237305,0.4450448,25549819,0.061400642407682
2018,Democratic Republic of the Congo,2461.39988315349,6.864786434,86.299709,84068091,1.10820281899823
2018,Djibouti,199.558888255804,0.00224419,1.0131723,958920,1.05891679180745
2018,Dominica,33.81261884745,0,0.03036448,71625,0.423936893542758
2018,Dominican Republic,143.64645737524,0.55258403,6.52746804,10627165,0.666222089334268
2018,Ecuador,417.8166440813,0.43185312,6.32776314,17084357,0.395661145456045
2018,Egypt,3053.4273518729,0.273247388,14.45966015,98423595,0.149688776740984
2018,El Salvador,292.65763498548,0.2364442,11.5641809,6420744,1.83789060893878
2018,Equatorial Guinea,8.741071944,0.0418325,0.13120289,1308974,0.132191617251374
2018,Eritrea,81.8168330699,0.5380824,0.9681207,,
2018,Eswatini,120.2674555663,3.914357,0.8523162,1136191,4.19530976745987
2018,Ethiopia,4795.56677457753,6.61647991,78.96290191,109224559,0.783517760140373
2018,Fiji,99.918855909259,0.102690204,11.118738686,883483,12.7013523633166
2018,Gabon,138.6454557119,0.0528194,0,2119275,0.0249233346309469
2018,Georgia,692.3458575784,0.97843656,11.92460483,3726549,3.46246390158831
2018,Ghana,1206.05183858019,1.080014815,7.82159737,29767108,0.299041888281522
2018,Grenada,38.71397972988,0,0.03088601,111454,0.277118901071294
2018,Guatemala,405.665868952973,0.09655511,16.54303293,17247807,0.96473644678422
2018,Guinea,594.571602557338,0.1162693,0.569214088,12414318,0.0552171603788464
2018,Guinea-Bissau,147.76722052197,0.0382997,2.39817423,1874309,1.29993183087741
2018,Guyana,116.8510123615,0.1975456,0.07168539,779004,0.345609252327331
2018,Haiti,966.584145436252,3.26823417,8.9557830612,11123176,1.09896824712654
2018,Honduras,718.20244116988,0.8927744,11.22331077,9587522,1.26373479716657
2018,India,5435.5260564255,6.47891455,18.39732457,1352617328,0.0183911876663464
2018,Indonesia,3058.67132677543,0.66751368,22.50724207,267663435,0.0865817019422171
2018,Iraq,2185.99073479986,10.1926768,120.713809774,38433600,3.40604280041422
2018,Jamaica,123.86733091085,0.0103323,3.2997697,2934855,1.12785878689066
2018,Jordan,2652.15008601169,12.837331767,29.19291292,9956011,4.22159484225158
2018,Kazakhstan,129.372144694483,0.19633902,0.38319505,18272430,0.0317163108573955
2018,Kenya,2758.78648179917,40.635225692,68.582054624,51393010,2.12513881393598
2018,Kiribati,72.1595904282,0.331120604,1.34116152,115847,14.4352648234309
2018,Kosovo,331.06977087015,0.3466125402,9.34782325,1845300,5.25358250159866
2018,Kyrgyzstan,497.007606790489,0.289324785,14.19874348,6322800,2.29140068719555
2018,Lao People's Democratic Republic,618.545679904541,2.0643124,9.65276289,7061507,1.65928820717731
2018,Lebanon,1405.84626091433,7.50125207,89.853486397,6848925,14.2146013377282
2018,Lesotho,178.595396921073,0.30464589,1.3112304,2108132,0.766496732652415
2018,Liberia,557.769846397421,0.89200058,1.605023228,4818977,0.518164707571752
2018,Libya,274.901603230565,0.31435962,17.8139426,6678567,2.71439999329197
2018,Madagascar,715.547740240619,0.490775398,1.35203178,26262368,0.0701691171946109
2018,Malawi,1269.47667095266,3.996985675,16.480615481,18143315,1.12865819482272
2018,Malaysia,71.83698127321,0.629447363,0.48576311,31528585,0.035371408929389
2018,Maldives,132.9047563921,0.13516842,0,515696,0.262108722968571
2018,Mali,1483.28657327934,3.62058781,31.956968294,19077690,1.86487756662363
2018,Marshall Islands,54.92514483279,0.0128321,0.27943091,58413,5.00338982760687
2018,Mauritania,521.790155577273,0,8.3257972,4403319,1.8908003712654
2018,Mauritius,115.27229315322,0.111809105,0.5735465,1265303,0.541653347063905
2018,Mexico,628.48657906097,0.2600083,0.6730525,126190788,0.00739404844670595
2018,Micronesia,98.4242630259,0,0.45180492,112640,4.01105220170455
2018,Moldova,297.5578930934,1.776174826,4.96161696,2706049,2.48990014075872
2018,Mongolia,379.88236279131,1.493044054,18.91366718,3170208,6.43702597242831
2018,Montenegro,191.268756473,0.2491809,0.26741266,622227,0.830233274994496
2018,Morocco,1514.93385201694,1.08239844,0.8380339,36029138,0.053302200568884
2018,Mozambique,1844.20722851561,1.3490722002,42.785634223,29495962,1.49629655826109
2018,Myanmar,1635.64905661542,14.9774940216,30.22076237,53708395,0.841549191548174
2018,Namibia,178.38940982896,0.0789525,1.346559301,2448255,0.582256260479403
2018,Nauru,31.3904704272,0.013299604,0.1997338,12704,16.7690022040302
2018,Nepal,1517.15081996286,5.5316232908,40.86067790355,28087871,1.65168450091322
2018,Nicaragua,415.802941013591,0.50429639,3.527847314,6465513,0.623638635325612
2018,Niger,1161.49640807643,2.86991092,13.66733536,22442948,0.736857131246751
2018,Nigeria,3055.33353496975,7.470853384,215.445099578,195874740,1.13805359977504
2018,North Macedonia,235.96326363673,0.299967508,4.46446827,2082958,2.28734126084155
2018,Pakistan,2297.8152202523,0.30037422,84.90021646,212215030,0.401482358153426
2018,Palau,82.4726781252,0,0.1731189,17907,9.66766627575808
2018,Panama,54.29944497653,0.00897386,0.19224243,4176873,0.0481739066521774
2018,Papua New Guinea,801.974311684774,0.7321646,25.72696071,8606316,3.07438459266427
2018,Paraguay,207.462154904432,0.4582581,2.8582623,6956071,0.476780699909475
2018,Peru,543.11371639241,0.32154549,3.951093448,31989256,0.13356481119786
2018,Philippines,1170.54223547293,0.97895865,6.14709948,106651922,0.0668160310322396
2018,Rwanda,1065.38756410733,3.99637591,27.7301196,12301939,2.57898332206004
2018,Samoa,125.43708002027,0.406264,1.003589283,196130,7.18836120430327
2018,Sao Tome and Principe,44.1583489843,0.01234888,0.92303889,211028,4.43252919043918
2018,Senegal,1064.80602923682,1.1532301,2.566012356,15854360,0.234587990685212
2018,Serbia,1410.10966045815,0.24735885,2.717556239,6982604,0.42461452618536
2018,Sierra Leone,482.67441642729,0.557138074,39.45619099,7650154,5.23039523962524
2018,Solomon Islands,182.50866499572,0.093752704,17.44102014,652858,26.8584789402902
2018,Somalia,1456.39745715236,1.263914206,57.27822306,15008154,3.90068873666941
2018,South Africa,1065.05961011612,2.883111814,29.54766878035,57779622,0.561284056069976
2018,South Sudan,1353.83041126564,0.3669215,187.43298048,10975920,17.110174088368
2018,Sri Lanka,730.013237930416,1.23500635,9.27229435,21670000,0.484877743424088
2018,Sudan,837.876690907843,0.70270106,103.2965998908,41801533,2.48793030989557
2018,Suriname,17.1679291931,0,0.8982946,575991,1.55956360429243
2018,Syrian Arab Republic,10680.5988099197,2.58837976,127.7743212,16906283,7.71090256563196
2018,Tajikistan,417.697782894035,2.174351105,7.48058283,9100837,1.06088417307111
2018,Tanzania,2551.87825411369,3.3501314908,26.76358857,56318348,0.534705315944282
2018,Thailand,400.59763453698,0.6968302382,2.15940713,69428524,0.0411392494560305
2018,Timor-Leste,178.9727754999,0.016268425,19.74906882,1267972,15.5881496160799
2018,Togo,317.91296363523,0.42503446,0.6288785,7889094,0.133591127194073
2018,Tonga,86.725887611519,0.04599528,2.74165294,103197,27.0128804131903
2018,Tunisia,1322.05436080066,0.0937576,3.87435925,11565204,0.343108245215562
2018,Turkey,3061.66687549035,0.83908609,11.81217399,82319724,0.153684432664036
2018,Turkmenistan,21.1360513434,0.1413330313,0.0440069,5850908,0.0316771228158091
2018,Tuvalu,18.461649350588,0.0128321,0.5274324,11508,46.9468630517901
2018,Uganda,1874.70994756664,4.71698526,85.35213795,42723139,2.10820471805688
2018,Ukraine,1162.39523905868,1.5752036,11.87974332,44622516,0.301528199799402
2018,Uzbekistan,610.701709949606,0.19597014,2.1362859,32955400,0.0707700722795051
2018,Vanuatu,121.08990048818,0.02563839,5.26931549,292680,18.0912733360667
2018,Venezuela,135.91041927,0.053009,4.048816,28870195,0.142078188249162
2018,Viet Nam,2648.05665717268,5.5830181852,18.44845445,95540395,0.251532062801289
2018,West Bank and Gaza Strip,2112.00986653381,14.3409839003,31.953305898,4569087,10.1320657274199
2018,Yemen,7747.5604801662,0.4594297,30.507484381,28498687,1.0866084490489
2018,Zambia,1038.04755213233,2.592672185,16.764360954,17351822,1.11556199337453
2018,Zimbabwe,758.578600190156,1.23716863,9.55221402,14439018,0.747237980449917
