Year,RecipientName,Principal,Significant,SP.POP.TOTL,significant.per.cap
2014,Afghanistan,1.05902467,5.0519168,33370794,1.51387371843775e-07
2014,Albania,0.569947873,2.39721216,2889104,8.29742425333252e-07
2014,Algeria,0.21323322,0,38923687,0
2014,Angola,0.0340385,0.254167,26941779,9.43393530174826e-09
2014,Antigua and Barbuda,0,0.214181,92562,2.31391931894298e-06
2014,Argentina,0.2112854,0.059923891,42669500,1.40437293617221e-09
2014,Armenia,1.4039791,0.24949524,2912403,8.56664548141174e-08
2014,Azerbaijan,0.017739,0,9535079,0
2014,Bangladesh,2.23360546,33.2378775,154520167,2.15103815542731e-07
2014,Belarus,0.1426244,5.4364878,9474511,5.73801413075567e-07
2014,Benin,0.189283,3.01046627,10286842,2.92652134639572e-07
2014,Bhutan,0.04265674,0.3084142,719056,4.2891541131706e-07
2014,Bolivia,0.5639966,2.65681773,10706517,2.48149583099714e-07
2014,Bosnia and Herzegovina,2.8117253,0.60747941,3482104,1.74457572203472e-07
2014,Botswana,0.0897472,0.1805466,2088614,8.64432585437041e-08
2014,Brazil,0,0.24397731,202763735,1.20325910350783e-09
2014,Burkina Faso,0.95218656,1.15351702,17586017,6.55928525487039e-08
2014,Burundi,1.3805734,4.39809906,9844297,4.46766189601959e-07
2014,Cambodia,1.149273182,3.79320004,15274503,2.48335414906789e-07
2014,Cameroon,0.20510221,1.11852176,22681858,4.93134980388291e-08
2014,Central African Republic,0,4.41316321,4464175,9.88573075652276e-07
2014,Chad,0,0.320973,13663559,2.34911709313803e-08
2014,Chile,0,0.02828195,17758959,1.59254548647812e-09
2014,China (People's Republic of),1.2141343,0.90661684,1364270000,6.64543558093339e-10
2014,Colombia,1.5964612,10.54146823,46969209,2.24433590738137e-07
2014,Costa Rica,0,0.305220036,4795396,6.36485570743271e-08
2014,Cuba,0.477752,0.01528857,11306902,1.35214491113481e-09
2014,Côte d'Ivoire,0,2.0409759,22647683,9.01185300059172e-08
2014,Democratic People's Republic of Korea,0.313652,0,25057752,0
2014,Democratic Republic of the Congo,0.8646158,4.440296903,73767447,6.01931757649143e-08
2014,Djibouti,0.12265,0,898696,0
2014,Dominica,0,0.0188363,71085,2.64982767109798e-07
2014,Dominican Republic,0.00973602,0.84875815,10165178,8.34966342940576e-08
2014,Ecuador,0.16284152,1.18131001,15951838,7.40547897991442e-08
2014,Egypt,0.25013507,0.33068925,90424654,3.65706956423632e-09
2014,El Salvador,0.02665788,0.26708554,6295128,4.24273406354883e-08
2014,Equatorial Guinea,0,0,1122276,0
2014,Eritrea,0.2257776,0.17108943,,
2014,Eswatini,0.169258,0,1095021,0
2014,Ethiopia,0.75317763,9.5768216,98094253,9.76287734205999e-08
2014,Fiji,0.03061683,0.4039666,866453,4.66230251381206e-07
2014,Georgia,0.32789063,2.54158592,3719414,6.8332966429658e-07
2014,Ghana,0.032758382,9.30348023,27224472,3.41732255817487e-07
2014,Guatemala,0.04540689,0.60816606,15923243,3.81936054106566e-08
2014,Guinea-Bissau,0.0014457,0,1692439,0
2014,Guyana,0,0.5332566,763380,6.98546726401006e-07
2014,Haiti,2.71043991,3.14571822,10549008,2.98200382443544e-07
2014,Honduras,0,8.31439048,8955589,9.28402417752758e-07
2014,India,1.06842449,17.85363929,1295604184,1.37801648917799e-08
2014,Indonesia,2.16280587,12.53845312,255129004,4.91455417589448e-08
2014,Iraq,0,15.4133205,34411951,4.47906034156564e-07
2014,Jamaica,0.261286,6.4022279,2875136,2.22675654299484e-06
2014,Jordan,1.5849043,1.96919004,8920049,2.20760002551555e-07
2014,Kazakhstan,0.35577684,0.21320409,17288285,1.23322868636189e-08
2014,Kenya,1.19740273,2.14143958,46699981,4.58552559154146e-08
2014,Kiribati,0.3975908,6.8987024,109391,6.30646250605626e-05
2014,Kosovo,0.22775497,1.3082504,1821800,7.18108683719398e-07
2014,Kyrgyzstan,0.2882006,0.987952,5835500,1.69300317025105e-07
2014,Lao People's Democratic Republic,0.6030057,3.75509725,6639756,5.65547476443412e-07
2014,Lebanon,3.079169,9.32270354,6262410,1.48867665004367e-06
2014,Lesotho,0.3023344,0.2191991,2043437,1.07269810618091e-07
2014,Liberia,0.0819893,0.7169584,4359505,1.6445867133998e-07
2014,Libya,0,0.3909417,6362037,6.14491396387667e-08
2014,Madagascar,0.78788583,0.44936338,23589887,1.90489839989484e-08
2014,Malawi,0.69397556,0.8714219,16289540,5.3495795461382e-08
2014,Malaysia,0.0113409,0,29866559,0
2014,Maldives,0,0.100699,435015,2.31483971817064e-07
2014,Mali,0.0805047,12.160964036,16934220,7.18129564633033e-07
2014,Marshall Islands,0,0.0896414,57179,1.5677329089351e-06
2014,Mauritius,0.0968152,0.0556983,1260934,4.41722564384813e-08
2014,Mexico,0.3521622,0.17021892,120355128,1.4143055042906e-09
2014,Micronesia,0,0.00902409,107446,8.39872121810025e-08
2014,Moldova,0.110285477,0.41960752,2856950,1.46872545896848e-07
2014,Mongolia,0.43268315,0.37274173,2940108,1.26778244200553e-07
2014,Montenegro,0.02230736,0.47900517,621810,7.70340087808173e-07
2014,Morocco,0.1763297,0.27378545,34192347,8.0072143044173e-09
2014,Mozambique,0.64039108,9.1089121,26286163,3.46528783984182e-07
2014,Myanmar,0.22757738,1.2304821,52280807,2.35360196333618e-08
2014,Namibia,0.1374624,0.2965604,2273430,1.30446242021967e-07
2014,Nepal,1.00321553,18.80010854,26906926,6.98708895248755e-07
2014,Nicaragua,0.209325287,3.852633,6142733,6.27185488934649e-07
2014,Niger,0.2959186,2.69557177,19240157,1.40101339609651e-07
2014,Nigeria,0.00663471,0.4288175,176404902,2.43087065687098e-09
2014,North Macedonia,0.17630057,0.321224459,2077775,1.54600213690125e-07
2014,Pakistan,0.01572077,1.2740513,195306825,6.52333219794034e-09
2014,Papua New Guinea,0.619552,0.3906346,7946731,4.91566406362566e-08
2014,Paraguay,0.3463915,0.43606635,6599526,6.60754045063236e-08
2014,Peru,0.46041054,5.75148455,30090359,1.91140443023628e-07
2014,Philippines,0.773207,0.837627236,100513138,8.33350995369382e-09
2014,Rwanda,0.988181,102.87320386,11083635,9.28154020409369e-06
2014,Samoa,1.0215403,1.0472206,192221,5.44800307978837e-06
2014,Sao Tome and Principe,0,0.389284,195727,1.98891312900111e-06
2014,Senegal,0.01345304,0.65314006,14174731,4.60777745976273e-08
2014,Serbia,2.6661758,5.219144705,7130576,7.31938724865986e-07
2014,Sierra Leone,0.90407541,1.02099419,7017144,1.45499962662873e-07
2014,Solomon Islands,0,0.268347,587079,4.57088398665256e-07
2014,Somalia,0.39841097,2.6083794,13423576,1.94313303697912e-07
2014,South Africa,0.95983984,6.12894069,54545991,1.12362807561788e-07
2014,South Sudan,0.4863769,1.4276003,10554883,1.35254962087216e-07
2014,Sri Lanka,1.5478328,3.2516544,20778000,1.56495062084898e-07
2014,Sudan,1.21544028,0.514609084,37977655,1.35503122559832e-08
2014,Syrian Arab Republic,0.998733,7.1762863,18715672,3.83437276524188e-07
2014,Tajikistan,0.90898521,1.1740696,8252833,1.42262614547029e-07
2014,Tanzania,0.85359753,13.78688196,49959822,2.75959389126727e-07
2014,Thailand,0.803418941,7.95781758,68438730,1.16276523249336e-07
2014,Timor-Leste,0.0219224,0.260515,1174331,2.2184120150111e-07
2014,Togo,0,0.25990109,7137997,3.64109273231692e-08
2014,Tonga,0,0.1316706,101028,1.30330799382349e-06
2014,Tunisia,0.152826,0.0343585,11063201,3.10565631050182e-09
2014,Turkey,0.21470378,0.153268,77231907,1.98451658069249e-09
2014,Turkmenistan,0,0.0269829,5466328,4.93620214520607e-09
2014,Tuvalu,0,0.00825509,10972,7.52377870944222e-07
2014,Uganda,0.79139983,16.17891907,36912148,4.38308793896253e-07
2014,Ukraine,0.0119801,4.232145,45271947,9.3482725626976e-08
2014,Uruguay,0,0.55481,3400434,1.63158585051202e-07
2014,Uzbekistan,0.8641082,0.2547399,30757700,8.28215048589459e-09
2014,Vanuatu,0,0.75684,263888,2.86803492390711e-06
2014,Venezuela,0.00159799,0,30045134,0
2014,Viet Nam,3.025852982,2.45721271,91714595,2.67919485442857e-08
2014,West Bank and Gaza Strip,4.39810404,10.3501962543,4173398,2.48004054592924e-06
2014,Yemen,0.215379,0.6114893,25823485,2.367958081568e-08
2014,Zambia,0.82311009,3.6487551,15399753,2.36935949557113e-07
2014,Zimbabwe,0.06889493,20.3575162,13586681,1.49834357633038e-06
2015,Afghanistan,1.73196316,20.54625536,34413603,5.97038774463691e-07
2015,Albania,0.676225207,2.174795119,2880703,7.54952912188448e-07
2015,Algeria,0.0114627,0.3097556,39728025,7.79690407464252e-09
2015,Angola,0.0595008,0.203684,27884381,7.30459105403846e-09
2015,Argentina,0.02745528,0,43131966,0
2015,Armenia,0.72883689,0.6832017,2925553,2.33529079801323e-07
2015,Azerbaijan,0.16842596,1.2934055,9649341,1.34040811698954e-07
2015,Bangladesh,1.8130158,18.157337565,156256276,1.16202292988219e-07
2015,Belarus,0.6758661,1.3041157,9489616,1.37425550201399e-07
2015,Benin,0.182106,0.5605506,10575952,5.30023774691867e-08
2015,Bhutan,0.0541306,0.39482678,727876,5.4243687111541e-07
2015,Bolivia,0.47236181,4.33158368,10869730,3.98499657305195e-07
2015,Bosnia and Herzegovina,1.8862885,1.065576734,3429361,3.10721657474964e-07
2015,Botswana,0.0440706,0.21404998,2120716,1.0093288304516e-07
2015,Brazil,0,0.45161326,204471769,2.20868270572844e-09
2015,Burkina Faso,1.198163043,0.16743662,18110624,9.24521540505727e-09
2015,Burundi,0.861327,0.17249634,10160030,1.69779360887714e-08
2015,Cambodia,4.848764568,4.85526012,15521436,3.12809982272259e-07
2015,Cameroon,0.05454144,0.41832038,23298368,1.79549219928194e-08
2015,Central African Republic,0,2.790674504,4493170,6.2109257027889e-07
2015,Chad,0.0790791,0,14110975,0
2015,Chile,0,0,17969353,0
2015,China (People's Republic of),1.49579959,1.0194074,1371220000,7.43430959291726e-10
2015,Colombia,1.2820429,6.67995883,47520667,1.40569551138666e-07
2015,Congo,0,0.0391289,4856095,8.0576883277613e-09
2015,Costa Rica,0,0.095086343,4847804,1.96143125835946e-08
2015,Cuba,0.3668438,0.05942959,11324781,5.2477473957333e-09
2015,Côte d'Ivoire,0,0.17377702,23226143,7.48195772324316e-09
2015,Democratic People's Republic of Korea,0.4843209,0.00506979,25183833,2.01311293638264e-10
2015,Democratic Republic of the Congo,1.08185927,10.942289196,76244544,1.4351570121529e-07
2015,Djibouti,0.148731,0,913993,0
2015,Dominican Republic,0.0702153,0.97719214,10281680,9.50420690003968e-08
2015,Ecuador,0.23089207,0.877342,16212020,5.41167602803352e-08
2015,Egypt,0.5115571,4.502772318,92442547,4.87088733935468e-08
2015,El Salvador,0.0580967,0.21069091,6325124,3.33101627730935e-08
2015,Equatorial Guinea,0,0,1168568,0
2015,Eritrea,0.1604435,0.0220525,,
2015,Eswatini,0.0274853,0,1104044,0
2015,Ethiopia,2.09005638,8.256777941,100835458,8.18836756907476e-08
2015,Fiji,0.0952567,0.6791231,868627,7.81835126009208e-07
2015,Georgia,0.56441237,1.499493471,3725276,4.025187586101e-07
2015,Ghana,0.035923112,13.185841189,27849205,4.73472804304468e-07
2015,Guatemala,0.0517533,0.912172592,16252429,5.61253085308048e-08
2015,Guinea,0,0.0310858,11432088,2.71917081114141e-09
2015,Guinea-Bissau,0.000330777,0.0161409,1737202,9.29132018038202e-09
2015,Haiti,1.8417163,14.12190984,10695542,1.32035476462997e-06
2015,Honduras,0.219021,0.05550936,9112916,6.09128406319119e-09
2015,India,0.71878333,13.65187659,1310152403,1.04200675881217e-08
2015,Indonesia,0.5919887,15.21838134,258383256,5.88984811771239e-08
2015,Iraq,0,24.0550102993,35572261,6.76229444602917e-07
2015,Jamaica,0,14.662540494,2891021,5.07175163860795e-06
2015,Jordan,0.04941056,3.226939625,9266575,3.48234339548323e-07
2015,Kazakhstan,0.004954,0.2000003,17542806,1.14007018033489e-08
2015,Kenya,0.233789732,6.65489911,47878336,1.38996040087943e-07
2015,Kiribati,0.6184945,7.2945688,110930,6.57583052375372e-05
2015,Kosovo,0.67697331,0.90146661,1801800,5.00314468864469e-07
2015,Kyrgyzstan,0.426990144,0.84615967,5956900,1.42046982490893e-07
2015,Lao People's Democratic Republic,0.74399684,4.39094535,6741164,6.51363080619312e-07
2015,Lebanon,1.44829121,6.88239754,6532678,1.05353387079541e-06
2015,Lesotho,0.176999661,0.072857967,2059021,3.5384761495876e-08
2015,Liberia,0,0.38938326,4472230,8.7066912927108e-08
2015,Libya,0.826419,1.01558,6418315,1.58231560775686e-07
2015,Madagascar,0.4199685,1.45838355,24234088,6.01790151954553e-08
2015,Malawi,1.21175983,4.4146157,16745303,2.6363307370431e-07
2015,Malaysia,0.02097239,0,30270962,0
2015,Maldives,0,0.0920742,454915,2.0239868986514e-07
2015,Mali,0.32323836,7.6838158602,17438778,4.40616645283288e-07
2015,Marshall Islands,0,0.0976132,57439,1.69942373648566e-06
2015,Mauritania,0.00200488,0.00635966,4046301,1.57172192577863e-09
2015,Mauritius,0.1524271,0.0363369,1262605,2.8779309443571e-08
2015,Mexico,0.26793975,0.0790677,121858258,6.48849748040876e-10
2015,Micronesia,0.023292,0,108895,0
2015,Moldova,0.3530944,0.744307854,2834530,2.62585985683694e-07
2015,Mongolia,0.6530396,0.4113006,2998439,1.37171574942829e-07
2015,Montenegro,0.2709822,0.53806843,622159,8.6484070792193e-07
2015,Morocco,0.30218395,0.608099312,34663603,1.75428766594171e-08
2015,Mozambique,0.029092814,24.4262139,27042002,9.03269436190412e-07
2015,Myanmar,0.346131345,2.245006,52680726,4.26153200698107e-08
2015,Namibia,0.30180141,0.34539361,2314904,1.49204290977077e-07
2015,Nepal,1.214569143,19.61005507915,27015031,7.25894228259446e-07
2015,Nicaragua,0.13089187,2.303858,6223240,3.70202338331801e-07
2015,Niger,0.0234607,1.5233593,20001663,7.61616321602859e-08
2015,Nigeria,0.0142684,0.67635472,181137448,3.73393093183029e-09
2015,North Macedonia,0.01487793,0.5319533,2079328,2.55829431431693e-07
2015,Pakistan,0.08056277,0.2670142,199426964,1.33890721016041e-09
2015,Panama,0,0.18290496,3968487,4.60893433694e-08
2015,Papua New Guinea,0.120163,1.7993931,8107775,2.21934266799461e-07
2015,Paraguay,0.0865525,0.446890852,6688746,6.68123519715056e-08
2015,Peru,0.29498628,3.54059074,30470734,1.1619643753905e-07
2015,Philippines,0.508170291,0.9825779612,102113212,9.62243711616867e-09
2015,Rwanda,0.55529275,89.618949691,11369071,7.88269768840392e-06
2015,Samoa,0.7266631,4.13819547,193513,2.13845864102153e-05
2015,Sao Tome and Principe,0.000506348,0.33132848,199432,1.66136066428657e-06
2015,Senegal,0.0330207,12.227640899,14578459,8.38747147349387e-07
2015,Serbia,0.91296391,3.65859035,7095383,5.15629720058804e-07
2015,Seychelles,0.00396761,0,93419,0
2015,Sierra Leone,0.385994595,2.476545349,7171914,3.45311634941523e-07
2015,Solomon Islands,0.0778883,0.1955558,603118,3.24241359070696e-07
2015,Somalia,0.135781064,3.247873673,13797201,2.35400910155618e-07
2015,South Africa,0.58505572,13.97979733,55386367,2.52405024687754e-07
2015,South Sudan,0,2.691906,10715658,2.51212384717765e-07
2015,Sri Lanka,0.54288922,3.34299513,20970000,1.59417984263233e-07
2015,Sudan,0.698711627,1.014731229,38902950,2.60836576403589e-08
2015,Syrian Arab Republic,0.933411,1.841436,17997408,1.0231673360964e-07
2015,Tajikistan,0.67382042,1.08225332,8454028,1.28016292352001e-07
2015,Tanzania,1.311263956,11.711869051,51482633,2.27491648513781e-07
2015,Thailand,0.8268412,0.34560079,68714511,5.02951683669844e-09
2015,Timor-Leste,0.00405079,0.257972,1196302,2.15641200967649e-07
2015,Togo,0.27764481,0.00377514,7323158,5.15507107725929e-10
2015,Tonga,0.02068944,0.1115682,100781,1.10703604846152e-06
2015,Tunisia,0.31309204,0.05908314,11179949,5.28474145991185e-09
2015,Turkey,0.00405409,0.18246365,78529409,2.32350723535943e-09
2015,Turkmenistan,0.1319743,0.05343662,5565287,9.60177255907916e-09
2015,Uganda,2.117297001,16.29119665232,38225453,4.26187144265367e-07
2015,Ukraine,0.25941601,7.46772923,45154029,1.65383452936171e-07
2015,Uruguay,0.0525772,0.00990225,3412009,2.90217581489381e-09
2015,Uzbekistan,0.4284181,0.11244179,31298900,3.59251571141478e-09
2015,Vanuatu,0.0778883,1.314396,271130,4.8478442075757e-06
2015,Venezuela,0.000402258,0.0508998,30081829,1.69204472241365e-09
2015,Viet Nam,2.4174183,4.20553653,92677076,4.53783903367862e-08
2015,West Bank and Gaza Strip,8.509266355,19.58841348,4270092,4.58735162614763e-06
2015,Yemen,0.2439902,0.5581481322,26497889,2.10638716238867e-08
2015,Zambia,1.438509288,2.0435703,15879361,1.28693484580393e-07
2015,Zimbabwe,0.16408087,24.4699416,13814629,1.77130646070915e-06
2016,Afghanistan,1.6528828,23.7369709008,35383128,6.70855637771765e-07
2016,Albania,0.06127253,1.36860653,2876101,4.75854822205479e-07
2016,Algeria,0.15477485,0.165553,40551404,4.08254668568319e-09
2016,Angola,0.19241329,0.4919291,28842484,1.70557119837529e-08
2016,Argentina,0,0.038568,43590368,8.84782619866848e-10
2016,Armenia,0.930495354,5.754569792,2936146,1.95990587389047e-06
2016,Azerbaijan,0.00560732,2.031011,9757812,2.08142050697431e-07
2016,Bangladesh,1.88300143,31.286718511,157970840,1.98053757965711e-07
2016,Belarus,0.6123043,0.49719885,9501534,5.2328271413858e-08
2016,Benin,0.129082,0.569124,10872067,5.23473595223429e-08
2016,Bhutan,0.06415209,0.1185055,736709,1.60857950696951e-07
2016,Bolivia,0.88364543,5.23410554,11031813,4.74455607614088e-07
2016,Bosnia and Herzegovina,2.27165158,1.154137069,3386267,3.4082872644124e-07
2016,Botswana,0.0106449,0.0892219,2159944,4.1307506120529e-08
2016,Brazil,0,0.65019512,206163058,3.15379062722285e-09
2016,Burkina Faso,0.70279879,1.1367841,18646378,6.09654110841258e-08
2016,Burundi,1.263416,0.8088317,10487998,7.71197420136808e-08
2016,Cambodia,2.41475597,5.50303635,15766293,3.49038061768864e-07
2016,Cameroon,0,0.9872699,23926539,4.12625453267604e-08
2016,Central African Republic,0,3.4554575,4537687,7.61501950222658e-07
2016,Chad,0.1322658,0.731503,14561666,5.02348426340777e-08
2016,Chile,0,0.0984913,18209068,5.4089149428186e-09
2016,China (People's Republic of),1.92341791,3.7739392,1378665000,2.73738667479047e-09
2016,Colombia,0.76441788,5.30348979,48171392,1.10096253602138e-07
2016,Congo,0,1.14607,4980999,2.30088381868778e-07
2016,Costa Rica,0.02411014,0,4899345,0
2016,Cuba,0.33320881,0.12698924,11335109,1.12031776668403e-08
2016,Côte d'Ivoire,0,0.21067193,23822714,8.84332196575084e-09
2016,Democratic People's Republic of Korea,0.261219,0.00766361,25307744,3.02816797893957e-10
2016,Democratic Republic of the Congo,1.731170431,15.1239107,78789127,1.91954287042678e-07
2016,Djibouti,0.356174,0,929112,0
2016,Dominican Republic,0.00287478,4.589371106,10397743,4.41381471536659e-07
2016,Ecuador,0.38222126,0.85109483,16491115,5.16092956722453e-08
2016,Egypt,0.4952889,7.0184021,94447072,7.43104254200702e-08
2016,El Salvador,0.0139117,0.1203862,6356143,1.89401339774766e-08
2016,Eritrea,0.1742486,0,,
2016,Eswatini,0,2.62457,1113984,2.35602127140067e-06
2016,Ethiopia,2.392826937,3.82972401,103603501,3.69651987918825e-08
2016,Fiji,0.2004724,0.00882264,872399,1.01130789925252e-08
2016,Georgia,0.74175856,4.84908303,3727505,1.30089242804503e-06
2016,Ghana,0.17568292,1.61521075,28481946,5.67099856870735e-08
2016,Guatemala,0.2650065,3.400225542,16583060,2.0504210573923e-07
2016,Guinea,1.26351616,1.37430426,11738441,1.17077238791761e-07
2016,Guinea-Bissau,0,0.3880573,1782437,2.17711649836712e-07
2016,Guyana,0,0.40570473,771366,5.25956199780649e-07
2016,Haiti,0.99842326,6.72135218,10839970,6.20052655127274e-07
2016,Honduras,0.2442468,3.76952804,9270795,4.06602458580952e-07
2016,India,1.681653426,8.21716291,1324509589,6.20392859232067e-09
2016,Indonesia,1.1604887,11.60442768,261554226,4.43671962692738e-08
2016,Iraq,2.3636,18.95156625,36610632,5.17651982899394e-07
2016,Jamaica,0,6.36099668,2906238,2.18873907780436e-06
2016,Jordan,2.82147,4.7175198,9551467,4.93905260835849e-07
2016,Kazakhstan,0,0.13094,17794055,7.35863747751707e-09
2016,Kenya,1.27682146,8.70569279,49051686,1.77479991003775e-07
2016,Kiribati,0.9750404,0,112524,0
2016,Kosovo,0.2363969,3.1272246,1816200,1.7218503468781e-06
2016,Kyrgyzstan,0.119069143,1.35423482,6079500,2.22754308742495e-07
2016,Lao People's Democratic Republic,1.22643566,0.309043,6845846,4.51431422792742e-08
2016,Lebanon,2.6071385,13.3679048,6711121,1.9919034092814e-06
2016,Lesotho,0.199526,0.95072991,2075001,4.58182868345606e-07
2016,Liberia,0.0300994,0.6515825,4586788,1.42056380194594e-07
2016,Libya,0,0.729407,6492164,1.12351906082471e-07
2016,Madagascar,0.19837206,0.3222251,24894380,1.29436884951543e-08
2016,Malawi,1.69200784,4.0727664,17205289,2.36715954030182e-07
2016,Maldives,0,0.06451924,475513,1.35683440831271e-07
2016,Mali,0.0457147,12.7352049,17965429,7.08872852410037e-07
2016,Marshall Islands,0.0103842,0,57735,0
2016,Mauritius,0.0360145,0.0111156,1263473,8.79765535155876e-09
2016,Mexico,0.23256332,0.2092405,123333376,1.69654400768207e-09
2016,Micronesia,0.0398009,0,110215,0
2016,Moldova,1.09612637,1.3284474,2802170,4.74078089480653e-07
2016,Mongolia,0.164186746,0.0999666,3056359,3.27077414662348e-08
2016,Montenegro,0.1925369,0.96096831,622303,1.5442128834346e-06
2016,Morocco,0.19394472,0.948933941,35126296,2.70149161471508e-08
2016,Mozambique,0.337740548,29.09815188,27829942,1.04556997926909e-06
2016,Myanmar,1.16452558,12.29619116,53045226,2.31805802090465e-07
2016,Namibia,0.0649693,0.1253329,2358041,5.31512810845952e-08
2016,Nauru,0.0155684,0,13049,0
2016,Nepal,1.301009367,16.8519481,27261131,6.1816760647238e-07
2016,Nicaragua,0.10612244,2.19730839,6303974,3.48559240567934e-07
2016,Niger,0,2.98176652,20788838,1.43431129724519e-07
2016,Nigeria,0.0303134,19.6117933,185960289,1.05462265118334e-07
2016,North Macedonia,0.04831844,0.2396514,2080745,1.15175766372141e-07
2016,Pakistan,0.2784272,3.73340382,203627284,1.83344969625976e-08
2016,Palau,0.0103842,0,17725,0
2016,Papua New Guinea,0.4908524,0.796669,8271760,9.6311909436444e-08
2016,Paraguay,0.0453652,0.80724911,6777872,1.1910067201033e-07
2016,Peru,0.61540261,4.01246051,30926032,1.2974378704646e-07
2016,Philippines,0.00781151,0.961016301,103663927,9.27049870491593e-09
2016,Rwanda,1.1085301299,5.2765353,11668818,4.5219107025236e-07
2016,Samoa,0.91314721,0,194535,0
2016,Senegal,0,4.5231049,14993528,3.01670487426308e-07
2016,Serbia,0.82282346,3.07798989,7058322,4.36079551202113e-07
2016,Seychelles,0.00463751,0,94677,0
2016,Sierra Leone,0.10888498,1.05458523,7328838,1.43895284627659e-07
2016,Solomon Islands,0.02913443,0,619437,0
2016,Somalia,0.23737521,7.8474957,14185613,5.5320102839405e-07
2016,South Africa,0.60778951,14.8198744,56203654,2.63681688738601e-07
2016,South Sudan,0.843799,4.913793,10832512,4.53615283324865e-07
2016,Sri Lanka,0.38708516,1.51571809,21203000,7.14860203744753e-08
2016,Sudan,0.84339099,3.95794197,39847440,9.93273838921647e-08
2016,Suriname,0,0.40570473,564888,7.1820383863704e-07
2016,Syrian Arab Republic,0.96884108,1.2609208,17453933,7.22427890607808e-08
2016,Tajikistan,1.225268364,0.740118,8663579,8.54286663744856e-08
2016,Tanzania,2.152825811,17.18990687,53050790,3.24027349451347e-07
2016,Thailand,0.511119155,0.43414123,68971331,6.29451721034643e-09
2016,Timor-Leste,0.01269032,0.00609692,1219288,5.00039367237273e-09
2016,Togo,0.41880165,0.41368937,7509952,5.50854878965938e-08
2016,Tonga,0.00778421,0,101133,0
2016,Tunisia,0.2127597,0,11303946,0
2016,Turkey,0.0963046,7.34792732,79821724,9.20542297482826e-08
2016,Turkmenistan,0.0410917,0.02965685,5662372,5.2375311971732e-09
2016,Tuvalu,0.0259527,0,11225,0
2016,Uganda,1.715679405,35.25567629,39647506,8.89228096465891e-07
2016,Ukraine,1.84281506,5.402671394,45004645,1.20046972795808e-07
2016,Uzbekistan,1.2986958,0,31847900,0
2016,Vanuatu,0.0210221,0.845586,278330,3.03806991700499e-06
2016,Venezuela,0,0.1022207,29846179,3.42491747436079e-09
2016,Viet Nam,2.997262316,3.54918188,93638724,3.79029287071447e-08
2016,West Bank and Gaza Strip,8.25014801,12.57842686,4367088,2.88027785563286e-06
2016,Yemen,0,6.618077,27168210,2.43596357654774e-07
2016,Zambia,1.3340026,0.79532549,16363507,4.86036086274171e-08
2016,Zimbabwe,0.178880497,4.9627920834,14030390,3.53717329553918e-07
2017,Afghanistan,1.219346,24.212471217,36296400,6.67076382699111e-07
2017,Albania,0.3580756,0.1956133,2873457,6.80759447592221e-08
2017,Algeria,0.1501409,0.235238,41389198,5.68356023714207e-09
2017,Angola,0.21099332,0.481835,29816748,1.61598776633857e-08
2017,Argentina,0.00383271,0.18453728,44044811,4.1897621038719e-09
2017,Armenia,0.13690106,1.26272273,2944809,4.2879613924027e-07
2017,Azerbaijan,0.111859,1.857717333,9854033,1.88523555076383e-07
2017,Bangladesh,2.23437029,40.66573273,159670593,2.54685173806551e-07
2017,Belarus,0.80005686,0.3381347,9498264,3.55996316800628e-08
2017,Belize,0.000587885,0.18997852,375769,5.05572625735492e-07
2017,Benin,0,0.31258,11175204,2.79708540443647e-08
2017,Bhutan,0.00566178,0.1265491,745568,1.69735154942272e-07
2017,Bolivia,0.54656348,5.42259231,11192854,4.84469136289994e-07
2017,Bosnia and Herzegovina,0.30065443,3.16092849,3351527,9.4313084453743e-07
2017,Botswana,0,0.0835925,2205128,3.7908230270533e-08
2017,Brazil,0.0814429,0.21280998,207833831,1.02394292101559e-09
2017,Burkina Faso,1.12805556,1.33932556,19193284,6.97809483775679e-08
2017,Burundi,0.3475677,0.78317527,10827024,7.23352298840383e-08
2017,Cabo Verde,0,0.00815467,537497,1.51715637482628e-08
2017,Cambodia,0.6514853188,10.9645559076,16009414,6.84881776909511e-07
2017,Cameroon,0,4.1710955,24566045,1.69791087657781e-07
2017,Central African Republic,0,1.925897,4596028,4.19035088559078e-07
2017,Chad,0.1294031,0.5795689,15016773,3.85947699948584e-08
2017,Chile,0.0012301,0.2617712,18470439,1.41724406225537e-08
2017,China (People's Republic of),0.9727443,0.3126298,1386395000,2.25498360856754e-10
2017,Colombia,0.09610699,15.5968026,48901066,3.18946065511128e-07
2017,Costa Rica,0,0.24117106,4949954,4.87218790316031e-08
2017,Cuba,0.2148774,0.3355339,11339259,2.95904608934323e-08
2017,Côte d'Ivoire,0.320832,0.36062332,24437469,1.47569832211347e-08
2017,Democratic People's Republic of Korea,0.6238439,0,25429985,0
2017,Democratic Republic of the Congo,0.64174769,5.01334732,81398764,6.15899686142654e-08
2017,Djibouti,0.00351786,0.2574234,944097,2.72666262047226e-07
2017,Dominican Republic,0.00603796,4.87017354,10513131,4.63246728305773e-07
2017,Ecuador,0.4720699,0.60685412,16785361,3.61537723257784e-08
2017,Egypt,0.3058731,14.2806188,96442593,1.48073774831002e-07
2017,El Salvador,0.00727774,0.48740268,6388122,7.6298273577117e-08
2017,Equatorial Guinea,0,0.00845336,1262001,6.69837821047686e-09
2017,Eritrea,0.0328486,0,,
2017,Eswatini,0,2.54875,1124753,2.26605308009848e-06
2017,Ethiopia,3.409576503,3.63608176,106400024,3.41736930435279e-08
2017,Fiji,0.32010638,5.025499368,877459,5.72733240869374e-06
2017,Georgia,0.56555798,6.9671914,3728004,1.86887980806888e-06
2017,Ghana,0.06955216,7.5082289,29121471,2.57824506873296e-07
2017,Guatemala,0.3660066,4.96973968,16914936,2.93807773201152e-07
2017,Guinea,0,0.0969629,12067539,8.03501857338103e-09
2017,Guinea-Bissau,0,0.30762293,1828146,1.68270439013077e-07
2017,Guyana,0.012431,0.29235602,775221,3.77126032447521e-07
2017,Haiti,0.10118448,13.825882342,10982366,1.25891655240774e-06
2017,Honduras,0.05,1.61409049,9429013,1.71183398516897e-07
2017,India,0.71647115,4.72989704,1338658835,3.53331029261089e-09
2017,Indonesia,0.19547104,14.37889723,264645886,5.43325930636231e-08
2017,Iraq,3.668864,13.45282539,37552781,3.58237793094472e-07
2017,Jamaica,0.13498243,1.8742396,2920853,6.41675428376574e-07
2017,Jordan,3.4083969,15.6777257,9779173,1.60317500263059e-06
2017,Kazakhstan,0.0885887,0.1949274,18037776,1.08066205057652e-08
2017,Kenya,0.97046105,9.9396015,50221473,1.97915371777327e-07
2017,Kiribati,0.551996,0.7045055,114158,6.17131957462464e-06
2017,Kosovo,0.388843,6.32857682,1830700,3.45691638171191e-06
2017,Kyrgyzstan,0.153210077,3.2834548,6198200,5.29743280307186e-07
2017,Lao People's Democratic Republic,0.6851804,3.97093576,6953035,5.71108265671034e-07
2017,Lebanon,1.5561956,33.1825237,6811873,4.87127750326525e-06
2017,Lesotho,0.30464676,3.17534,2091412,1.51827569125548e-06
2017,Liberia,0.191554,1.62526777,4702228,3.45637806163376e-07
2017,Libya,0,0.541089,6580724,8.22233237558664e-08
2017,Madagascar,0.54326687,0.2181696,25570540,8.53206854450473e-09
2017,Malawi,1.78193465,6.0047521,17670260,3.39822509685766e-07
2017,Malaysia,0,0.01913557,31105028,6.15192180505351e-10
2017,Maldives,0,0.058,496402,1.16840786298202e-07
2017,Mali,0.6327974,10.67142382,18512394,5.76447531313346e-07
2017,Marshall Islands,0.0547168,0.3733158,58058,6.43004926108374e-06
2017,Mauritania,0,0.0215,4282574,5.02034524096957e-09
2017,Mauritius,0.1025927,0.00957928,1264613,7.57487073120394e-09
2017,Mexico,0.184246,0.339692365,124777324,2.72238860483977e-09
2017,Micronesia,0.05642574,0.08807571,111459,7.90207251096816e-07
2017,Moldova,0.9292973,2.9958451,2755158,1.08735872861012e-06
2017,Mongolia,0.56382066,0,3113779,0
2017,Montenegro,0.0405821,0.10927744,622373,1.75581909883623e-07
2017,Morocco,0.39584372,0.29719137,35581294,8.35246098694443e-09
2017,Mozambique,0.65458997,7.28821413,28649007,2.5439674505996e-07
2017,Myanmar,1.457553709,16.57143291,53382581,3.10427720045983e-07
2017,Namibia,0.0161199,0.2012029,2402603,8.37437146295081e-08
2017,Nauru,0.0547168,0.22373321,12876,1.73759871077975e-05
2017,Nepal,1.691904094,14.706828208,27627124,5.32332942364902e-07
2017,Nicaragua,0.25163056,2.02727416,6384855,3.17512952134387e-07
2017,Niger,0.1258821,4.63767727,21602472,2.14682711774838e-07
2017,Nigeria,0.0987002,32.0466879,190873311,1.67895069939872e-07
2017,North Macedonia,0.00855231,0.6737415,2081996,3.23603647653502e-07
2017,Pakistan,0.0853713,7.96884407,207896686,3.83307893133034e-08
2017,Palau,0.0547168,0.06874083,17808,3.86010950134771e-06
2017,Papua New Guinea,0.67875649,1.4348847,8438029,1.70049747399541e-07
2017,Paraguay,0.2208608,0.9220081,6867062,1.34265294240827e-07
2017,Peru,0.362727044,4.54305377,31444297,1.44479419272754e-07
2017,Philippines,0.21750747,1.44870227,105173264,1.37744348221426e-08
2017,Rwanda,1.37493229,5.1558017,11980937,4.30333762709878e-07
2017,Samoa,0.3784044,0.196728,195352,1.00704369548303e-06
2017,Senegal,0.22065,10.64815976,15419381,6.90569858803022e-07
2017,Serbia,0.37981946,4.3414022,7020858,6.1835778476078e-07
2017,Sierra Leone,0.040917557,0.64819931,7488431,8.65600965008558e-08
2017,Solomon Islands,0.1286214,0.52016997,636038,8.17828447356919e-07
2017,Somalia,0.594457577,13.19225,14589119,9.04252683112668e-07
2017,South Africa,0.29636666,18.4456482,57000451,3.23605302701903e-07
2017,South Sudan,0.95758,1.268168,10910759,1.16230960650858e-07
2017,Sri Lanka,0.34122107,7.64343141,21444000,3.56436831281477e-07
2017,Sudan,0.7320449,9.394365,40813396,2.30178468853707e-07
2017,Suriname,0,0.2937431,570496,5.14890726665919e-07
2017,Syrian Arab Republic,3.41238157,21.48291994,17068002,1.25866635942508e-06
2017,Tajikistan,1.039938536,1.2827972,8880268,1.44454784472721e-07
2017,Tanzania,1.87457475,26.04330872,54663906,4.76426048295927e-07
2017,Thailand,0.81061043,1.833363251,69209858,2.64899149337945e-08
2017,Timor-Leste,0.00850719,0.0073339,1243261,5.89892226974063e-09
2017,Togo,0.766415,0.09115792,7698475,1.18410360493474e-08
2017,Tonga,0.06503221,2.0317845,101998,1.99198464675778e-05
2017,Tunisia,0.8228187,0.26489761,11433443,2.31686649419602e-08
2017,Turkey,0.3386883,1.080366,81101892,1.33210949012139e-08
2017,Tuvalu,0.0547168,0.15330721,11370,1.34834837291117e-05
2017,Uganda,2.114562765,35.349500676,41162465,8.58779975300313e-07
2017,Ukraine,1.25716159,8.00744135,44831135,1.78613397809357e-07
2017,Uruguay,0.00483422,0.006,3436646,1.74588828759203e-09
2017,Uzbekistan,0.23549784,0.10458,32388600,3.22891387710491e-09
2017,Vanuatu,0.2463795,1.2714985,285510,4.45342895170047e-06
2017,Venezuela,0.00291093,0.365861305,29390409,1.24483230226568e-08
2017,Viet Nam,5.08482079,7.002865311,94596642,7.4028688153645e-08
2017,West Bank and Gaza Strip,10.94035164,15.368910235,4454805,3.44996250902116e-06
2017,Yemen,0,23.0448013,27834821,8.27912681744927e-07
2017,Zambia,1.8142188,2.357208606,16853688,1.39863073648925e-07
2017,Zimbabwe,0.5064427,6.1389258,14236745,4.31202904877484e-07
2018,Afghanistan,0.56888828,49.0983366,37172386,1.32082822447825e-06
2018,Albania,0.23934777,0.936404617,2866376,3.26685897802661e-07
2018,Algeria,0,0.0321963,42228429,7.62431867877443e-10
2018,Angola,0.19914676,0.675034,30809762,2.19097440609895e-08
2018,Argentina,0.00607561,0.0790139,44494502,1.77581266107889e-09
2018,Armenia,0.0533383,2.46807731,2951776,8.36132995864185e-07
2018,Azerbaijan,0.4018536,2.1092332,9939800,2.12200768627135e-07
2018,Bangladesh,3.144452,76.3741049,161356039,4.73326597339192e-07
2018,Belarus,0.9368447,0.14620081,9483499,1.54163363121565e-08
2018,Belize,0.00415475,0,383071,0
2018,Benin,1.4305373,3.65056901,11485048,3.17854049020953e-07
2018,Bhutan,0.0377064,0.28806191,754394,3.81845441506693e-07
2018,Bolivia,0.729983046,2.33885421,11353142,2.06009421004335e-07
2018,Bosnia and Herzegovina,2.129658874,2.453345,3323929,7.38085861641449e-07
2018,Botswana,0.1203166,0.0706043,2254126,3.1322250841346e-08
2018,Brazil,0.3912978,0.5562114,209469333,2.65533570969074e-09
2018,Burkina Faso,1.179455179,9.445547,19751535,4.78218376445173e-07
2018,Burundi,0.144649,2.65597657,11175378,2.37663242352966e-07
2018,Cabo Verde,0.0112307,0,543767,0
2018,Cambodia,0.2817480399,6.35464898,16249798,3.91060183025044e-07
2018,Cameroon,0.1841086,0.20814632,25216237,8.25445604750622e-09
2018,Central African Republic,0,0.76085589,4666377,1.63050668645075e-07
2018,Chad,0.830749,0,15477751,0
2018,China (People's Republic of),0.59594502,0.3522408,1392730000,2.52913917270397e-10
2018,Colombia,0.55304148,21.33555599,49648685,4.29730535461312e-07
2018,Congo,0.00776269,0,5244363,0
2018,Costa Rica,0,0,4999441,0
2018,Cuba,0.4945241,0.012390772,11338138,1.092840111842e-09
2018,Côte d'Ivoire,0.17838,0.3100197,25069229,1.236654306361e-08
2018,Democratic People's Republic of Korea,0.7623372,0.3570882,25549819,1.39761538036727e-08
2018,Democratic Republic of the Congo,3.011968504,10.6627975,84068091,1.26835251915022e-07
2018,Djibouti,0,0.0724893,958920,7.55947315730197e-08
2018,Dominican Republic,0.3578254,6.53988686,10627165,6.15393367845517e-07
2018,Ecuador,0.40113165,0.50222911,17084357,2.93970156441943e-08
2018,Egypt,0.0953066,1.05376712,98423595,1.07064481845029e-08
2018,El Salvador,0.122116,10.0691677,6420744,1.56822444564057e-06
2018,Equatorial Guinea,0,0.118886,1308974,9.08238055148536e-08
2018,Eritrea,0.2850009,0,,
2018,Eswatini,0.190267,4.249819,1136191,3.74040896292965e-06
2018,Ethiopia,1.815900238,31.02025228,109224559,2.84004371947155e-07
2018,Fiji,0.0530147,11.032322566,883483,1.24873059990968e-05
2018,Georgia,0.97563012,8.46662767,3726549,2.27197540405346e-06
2018,Ghana,0.295172525,0.93972282,29767108,3.15691675523198e-08
2018,Guatemala,0.2914197,6.48170494,17247807,3.75798786477608e-07
2018,Guinea,0,0.00508007,12414318,4.0921055832467e-10
2018,Guinea-Bissau,0,0.31336354,1874309,1.67188835992358e-07
2018,Guyana,0,0,779004,0
2018,Haiti,0.81134017,0.728698,11123176,6.55116847921853e-08
2018,Honduras,0.7041572,2.03567527,9587522,2.12325486189236e-07
2018,India,1.12040074,5.81683554,1352617328,4.30042955948292e-09
2018,Indonesia,0.61132758,14.8794102,267663435,5.55899994334303e-08
2018,Iraq,0.66517598,49.669837,38433600,1.29235452832938e-06
2018,Jamaica,0.00328125,0.84005,2934855,2.86232198865021e-07
2018,Jordan,2.028354,45.5478113,9956011,4.57490568260722e-06
2018,Kazakhstan,0.19633902,0.136651,18272430,7.47853460103555e-09
2018,Kenya,2.249815277,36.50821321,51393010,7.10373126812382e-07
2018,Kiribati,0.3170281,0.751104,115847,6.48358610926481e-06
2018,Kosovo,0.24200106,6.7769389202,1845300,3.67254046507343e-06
2018,Kyrgyzstan,0.088034136,2.885088,6322800,4.56299107990131e-07
2018,Lao People's Democratic Republic,1.71772088,4.1249974,7061507,5.84152561202587e-07
2018,Lebanon,3.24816227,2.627688587,6848925,3.83664383388634e-07
2018,Lesotho,0.22672888,0.3522,2108132,1.67067337339408e-07
2018,Liberia,0.4553489,0.472504068,4818977,9.8050699972214e-08
2018,Libya,0,0.534424,6678567,8.00207589442466e-08
2018,Madagascar,0.013507468,0.3392259,26262368,1.29168055218783e-08
2018,Malawi,1.03041651,5.04551431,18143315,2.78092195941039e-07
2018,Malaysia,0.0163675,0.0283061,31528585,8.97791638920681e-10
2018,Maldives,0,0.08409872,515696,1.63078092519624e-07
2018,Mali,0.3984277,8.824358994,19077690,4.62548610130472e-07
2018,Marshall Islands,0.0128321,0.2662957,58413,4.55884306575591e-06
2018,Mauritania,0,0.338183,4403319,7.68018397031875e-08
2018,Mauritius,0.08544579,0.237751,1265303,1.87900447560782e-07
2018,Mexico,0.2297039,0.3351723,126190788,2.6560758143455e-09
2018,Micronesia,0,0.4210067,112640,3.73763050426136e-06
2018,Moldova,0.512572896,3.14890764,2706049,1.1636550705475e-06
2018,Mongolia,0.480904224,0.474762,3170208,1.49757366078188e-07
2018,Montenegro,0.0844254,0.25151446,622227,4.04216564051383e-07
2018,Morocco,0.25671368,0.14079773,36029138,3.90788505681152e-09
2018,Mozambique,0.8904052296,20.180275173,29495962,6.84170774731809e-07
2018,Myanmar,0.520008445,30.697961851,53708395,5.71567291314514e-07
2018,Namibia,0.0239846,0.0662208,2448255,2.70481628751907e-08
2018,Nauru,0.0128321,0.1922648,12704,1.513419395466e-05
2018,Nepal,3.041478821,8.810807943,28087871,3.13687283133706e-07
2018,Nicaragua,0.06757939,2.216141714,6465513,3.42763476618174e-07
2018,Niger,0.1587875,5.23245336,22442948,2.33144654614893e-07
2018,Nigeria,0.6102004,23.3509257,195874740,1.19213563219025e-07
2018,North Macedonia,0.1889024,4.16866624,2082958,2.00132035307481e-06
2018,Pakistan,0.0096088,6.1045546,212215030,2.87658918409313e-08
2018,Palau,0,0.1223396,17907,6.83194281565868e-06
2018,Panama,0.00897386,0,4176873,0
2018,Papua New Guinea,0.3988929,1.731623,8606316,2.01203743855094e-07
2018,Paraguay,0.3508484,0.5874385,6956071,8.44497561913902e-08
2018,Peru,0.11314944,1.226574548,31989256,3.83433283975095e-08
2018,Philippines,0.1987821,2.48750676,106651922,2.33235999253722e-08
2018,Rwanda,3.0994219,13.4460014,12301939,1.09299854275005e-06
2018,Samoa,0.3716556,0.1591308,196130,8.11353693978484e-07
2018,Senegal,0.300497,1.00622387,15854360,6.34666974888926e-08
2018,Serbia,0.12576342,1.59598872,6982604,2.28566408749515e-07
2018,Sierra Leone,0.0691644,3.33345233,7650154,4.35736630922724e-07
2018,Solomon Islands,0,0.668,652858,1.02319340499772e-06
2018,Somalia,0.04542223,13.5692733,15008154,9.04126736705927e-07
2018,South Africa,0.2910604,15.06113296,57779622,2.6066513484633e-07
2018,South Sudan,0.3236712,1.2580195,10975920,1.14616314623284e-07
2018,Sri Lanka,0.7889491,7.42858884,21670000,3.42805207198892e-07
2018,Sudan,0.4666499,2.76525012,41801533,6.6151882994339e-08
2018,Suriname,0,0.0867234,575991,1.50563810892879e-07
2018,Syrian Arab Republic,1.1453332,38.7188178,16906283,2.29020286718257e-06
2018,Tajikistan,2.131916236,0.9456499,9100837,1.0390801417496e-07
2018,Tanzania,2.0276353588,44.29742645,56318348,7.86554080918709e-07
2018,Thailand,0.7589708492,1.4323411,69428524,2.06304414594785e-08
2018,Timor-Leste,0.00860827,0,1267972,0
2018,Togo,0.138681,0.2504509,7889094,3.17464717748324e-08
2018,Tonga,0.03693528,0.6556383,103197,6.35326899037763e-06
2018,Tunisia,0.0765031,1.43116,11565204,1.23747060579303e-07
2018,Turkey,0.42932979,3.3310915,82319724,4.04652899467933e-08
2018,Turkmenistan,2.26352e-05,0.0145157961,5850908,2.48094758967326e-09
2018,Tuvalu,0.0128321,0.5142611,11508,4.46872697254084e-05
2018,Uganda,2.09266593,30.6502807,42723139,7.17416402853732e-07
2018,Ukraine,1.49273235,7.8968617,44622516,1.76970337127561e-07
2018,Uzbekistan,0.1634011,0,32955400,0
2018,Vanuatu,0.00333989,1.3105323,292680,4.47769680196802e-06
2018,Venezuela,0,0.0335072,28870195,1.16061564530479e-09
2018,Viet Nam,4.2682434922,3.68111342,95540395,3.85293929337428e-08
2018,West Bank and Gaza Strip,7.23897687,16.8304812003,4569087,3.6835545482719e-06
2018,Yemen,0.2364157,2.522457,28498687,8.85113408908979e-08
2018,Zambia,1.70547477,4.952632834,17351822,2.85424368345872e-07
2018,Zimbabwe,0.80416261,10.9132857,14439018,7.55819107642916e-07
